sport,league,event_id,event_starts_at,matchup,alt_type,market_type,market,selection,headline_side,team,player,player_id,market_id,outcome_id,line,book,price,decimal_price,implied_prob,l5_pct,l10_pct,season_pct,estimated_prob,conservative_prob,edge_pct,ev_pct,confidence_score,shadow_status,rejection_reasons,recommended_units_pre_news,portfolio_shadow_units,stable_wager_id,cap_reasons,actionable,board,scope,as_of
MLB,MLB,8a105b91f1d12e353b0236f2f946c271af63c996,2026-08-14T23:15:00+00:00,NYY @ TOR,TOTAL,TEAM_PROP,STRIKEOUTS,NYY STRIKEOUTS OVER 7.5,OVER,NYY,,,460e8384d7770ea6bbccde8506b6133cb99b3a2a,c2635e9c2adce92918318519cc64b7148db8437f,7.5,DraftKings,-110,1.9091,0.52381,100.0,100.0,,0.857143,0.700218,17.641,33.679,82.013,QUALIFIED,,0.5,0.5,MLB:8a105b91f1d12e353b0236f2f946c271af63c996:460e8384d7770ea6bbccde8506b6133cb99b3a2a:c2635e9c2adce92918318519cc64b7148db8437f:7.50:DraftKings,,false,ALT_SHADOW_QUALIFIED,full_game,2026-08-14T17:48:46.511965-04:00
MLB,MLB,0ca4cb92aa874e95044a13829b554bd5fb96a8d1,2026-08-14T22:40:00+00:00,CWS @ DET,TOTAL,TEAM_PROP,STRIKEOUTS,DET STRIKEOUTS UNDER 8.5,UNDER,DET,,,2d25bf92e07b4ea62db70006a12ee266f7565a4e,e1d57fb3808073521cd4f2b98ee0ed2976b02ee1,8.5,DraftKings,-115,1.8696,0.53488,80.0,90.0,,0.785714,0.619416,8.454,15.806,70.665,QUALIFIED,,0.5,0.5,MLB:0ca4cb92aa874e95044a13829b554bd5fb96a8d1:2d25bf92e07b4ea62db70006a12ee266f7565a4e:e1d57fb3808073521cd4f2b98ee0ed2976b02ee1:8.50:DraftKings,,false,ALT_SHADOW_QUALIFIED,full_game,2026-08-14T17:48:46.511965-04:00
MLB,MLB,0a0695b5ceedd8e03ad7fc7168e13abaaa63c4c4,2026-08-15T02:15:00+00:00,COL @ SF,TOTAL,TEAM_PROP,HITS,SF HITS UNDER 8.5,UNDER,SF,,,0976bd917a7d92bc3f5ed5563a5acf4466d4d217,c9d779a4e427763b595d22187e1e21f4042e0002,8.5,Hard Rock,-120,1.8333,0.54545,80.0,90.0,,0.785714,0.619416,7.397,13.557,70.665,QUALIFIED,,0.5,0.5,MLB:0a0695b5ceedd8e03ad7fc7168e13abaaa63c4c4:0976bd917a7d92bc3f5ed5563a5acf4466d4d217:c9d779a4e427763b595d22187e1e21f4042e0002:8.50:Hard Rock,,false,ALT_SHADOW_QUALIFIED,full_game,2026-08-14T17:48:46.511965-04:00
MLB,MLB,6db6568d134f5df21219209469036a5e0afb6764,2026-08-14T23:10:00+00:00,BAL @ TB,SPREAD,GAMELINE,SPREAD,TB -1,HOME,TB,,,9ab5071dfae75d08fbe76eb8985a00ec2f42e0e7,90632001238feef0b79d93eb61f70042399c3a90,-1.0,DraftKings,-111,1.9009,0.52607,80.0,87.5,,0.75,0.566676,4.061,7.719,67.126,QUALIFIED,,0.5,0.5,MLB:6db6568d134f5df21219209469036a5e0afb6764:9ab5071dfae75d08fbe76eb8985a00ec2f42e0e7:90632001238feef0b79d93eb61f70042399c3a90:-1.00:DraftKings,,false,ALT_SHADOW_QUALIFIED,full_game,2026-08-14T17:48:46.511965-04:00
MLB,MLB,8a105b91f1d12e353b0236f2f946c271af63c996,2026-08-14T23:15:00+00:00,NYY @ TOR,TOTAL,TEAM_PROP,STRIKEOUTS,TOR STRIKEOUTS UNDER 9.5,UNDER,TOR,,,63906fb86a763e45875297163ee41a81f8810db8,0914c1afdc043e14c8844c1a5d7793af38b854d7,9.5,DraftKings,-150,1.6667,0.6,100.0,90.0,,0.785714,0.619416,1.942,3.238,73.165,REJECTED,EVENT_EXPOSURE_CAP,,,,,false,ALT_SHADOW_REJECTED,full_game,2026-08-14T17:48:46.511965-04:00
MLB,MLB,e88e813157c3cc8b6fc6ba7b14140ce20f3397d8,2026-08-15T02:10:00+00:00,MIL @ LAD,TOTAL,TEAM_PROP,STRIKEOUTS,MIL STRIKEOUTS OVER 6.5,OVER,MIL,,,90410538512f467fb7d444ff922c22912d87e9e2,70b0fe0c96e1cd516b71c5539ffd03698139d5ef,6.5,DraftKings,-125,1.8,0.55556,80.0,80.0,,0.714286,0.543686,-1.187,-2.137,64.621,REJECTED,CONSERVATIVE_EDGE_BELOW_1_5;CONSERVATIVE_EV_BELOW_1_5,,,,,false,ALT_SHADOW_REJECTED,full_game,2026-08-14T17:48:46.511965-04:00
MLB,MLB,aa778db9a68c2bad59ee411b142bb38274926a31,2026-08-15T01:40:00+00:00,TEX @ ATH,TOTAL,TEAM_PROP,WALKS,ATH WALKS UNDER 2.5,UNDER,ATH,,,da3295a012b40b8bd863119dfc232989643e3dd1,1ce7a9d7169148d9d2c151a4155eefd045aee460,2.5,DraftKings,-125,1.8,0.55556,80.0,80.0,,0.714286,0.543686,-1.187,-2.137,64.621,REJECTED,CONSERVATIVE_EDGE_BELOW_1_5;CONSERVATIVE_EV_BELOW_1_5,,,,,false,ALT_SHADOW_REJECTED,full_game,2026-08-14T17:48:46.511965-04:00
MLB,MLB,6db6568d134f5df21219209469036a5e0afb6764,2026-08-14T23:10:00+00:00,BAL @ TB,TOTAL,TEAM_PROP,STRIKEOUTS,BAL STRIKEOUTS OVER 6.5,OVER,BAL,,,99e40266d30dfae5780bad06ca1d57e0c41ed835,e288fe3c4b20109cbf9bf7683b5f007bd6605df0,6.5,DraftKings,-125,1.8,0.55556,80.0,80.0,,0.714286,0.543686,-1.187,-2.137,64.621,REJECTED,CONSERVATIVE_EDGE_BELOW_1_5;CONSERVATIVE_EV_BELOW_1_5,,,,,false,ALT_SHADOW_REJECTED,full_game,2026-08-14T17:48:46.511965-04:00
MLB,MLB,aa778db9a68c2bad59ee411b142bb38274926a31,2026-08-15T01:40:00+00:00,TEX @ ATH,TOTAL,TEAM_PROP,RUNS,TEX RUNS UNDER 5.5,UNDER,TEX,,,e172b5cd1db0d53974f63075af25b48332d59807,3e848210a213bc1203c588e5f64d6f96c6c38c0f,5.5,Hard Rock,-175,1.5714,0.63636,100.0,90.0,,0.785714,0.619416,-1.694,-2.665,73.165,REJECTED,CONSERVATIVE_EDGE_BELOW_1_5;CONSERVATIVE_EV_BELOW_1_5,,,,,false,ALT_SHADOW_REJECTED,full_game,2026-08-14T17:48:46.511965-04:00
MLB,MLB,7fcdba132025d708ccb897487bbdf70ae514ed86,2026-08-14T23:10:00+00:00,SD @ CLE,TOTAL,TEAM_PROP,TOTAL,SD TOTAL OVER 2.5,OVER,SD,,,d170bb7f4d8f831450f3c5ee373faafa0f3ef14b,82f3049a26b9ca7fb2c315b7e26c16d7dc72c1ec,2.5,kalshi,-175.0,1.5714,0.63636,,90.0,,0.785714,0.619416,-1.694,-2.665,73.165,REJECTED,CONSERVATIVE_EDGE_BELOW_1_5;CONSERVATIVE_EV_BELOW_1_5,,,,,false,ALT_SHADOW_REJECTED,full_game,2026-08-14T17:48:46.511965-04:00
MLB,MLB,8a105b91f1d12e353b0236f2f946c271af63c996,2026-08-14T23:15:00+00:00,NYY @ TOR,SPREAD,GAMELINE,SPREAD,TOR +1.5,HOME,TOR,,,c54a8aff5dc6e303037d96f84447d1c8a6b98e8a,3cf2705cd2331d315598596510fa4536a475cd92,1.5,Hard Rock,-130,1.7692,0.56522,80.0,80.0,,0.714286,0.543686,-2.153,-3.811,64.621,REJECTED,CONSERVATIVE_EDGE_BELOW_1_5;CONSERVATIVE_EV_BELOW_1_5,,,,,false,ALT_SHADOW_REJECTED,full_game,2026-08-14T17:48:46.511965-04:00
MLB,MLB,aa778db9a68c2bad59ee411b142bb38274926a31,2026-08-15T01:40:00+00:00,TEX @ ATH,TOTAL,TEAM_PROP,RUNS,TEX RUNS UNDER 6.5,UNDER,TEX,,,e172b5cd1db0d53974f63075af25b48332d59807,851418d0cf62b765cb5ba7128b342e72eaa691e5,6.5,Hard Rock,-275,1.3636,0.73333,100.0,100.0,,0.857143,0.700218,-3.311,-4.518,82.013,REJECTED,CONSERVATIVE_EDGE_BELOW_1_5;CONSERVATIVE_EV_BELOW_1_5,,,,,false,ALT_SHADOW_REJECTED,full_game,2026-08-14T17:48:46.511965-04:00
MLB,MLB,e88e813157c3cc8b6fc6ba7b14140ce20f3397d8,2026-08-15T02:10:00+00:00,MIL @ LAD,SPREAD,GAMELINE,SPREAD,MIL +1.5,AWAY,MIL,,,f94d099e63f4a716463b46fd30e8804f3e71372f,9b5c8dbef59483fb03e0c51585a56793013235d4,1.5,Hard Rock,-135,1.7407,0.57447,80.0,80.0,,0.714286,0.543686,-3.078,-5.361,64.621,REJECTED,CONSERVATIVE_EDGE_BELOW_1_5;CONSERVATIVE_EV_BELOW_1_5,,,,,false,ALT_SHADOW_REJECTED,full_game,2026-08-14T17:48:46.511965-04:00
MLB,MLB,8a105b91f1d12e353b0236f2f946c271af63c996,2026-08-14T23:15:00+00:00,NYY @ TOR,TOTAL,TEAM_PROP,HITS,NYY HITS UNDER 8.5,UNDER,NYY,,,a5bc4be7e65e67f17a6ba4de7670c0b90e433d79,68b51c686233caf88d8f0ba1e992106412c30af3,8.5,Hard Rock,-135,1.7407,0.57447,80.0,80.0,,0.714286,0.543686,-3.078,-5.361,64.621,REJECTED,CONSERVATIVE_EDGE_BELOW_1_5;CONSERVATIVE_EV_BELOW_1_5,,,,,false,ALT_SHADOW_REJECTED,full_game,2026-08-14T17:48:46.511965-04:00
MLB,MLB,0a0695b5ceedd8e03ad7fc7168e13abaaa63c4c4,2026-08-15T02:15:00+00:00,COL @ SF,TOTAL,TEAM_PROP,STRIKEOUTS,COL STRIKEOUTS UNDER 7.5,UNDER,COL,,,a1b6ba19d5d8d7c588aacce6ad785dc9802fb4b3,bbcc5ce4a2f73ba171436da6a3beeebfd8622667,7.5,DraftKings,-135,1.7407,0.57447,100.0,80.0,,0.714286,0.543686,-3.078,-5.361,64.621,REJECTED,CONSERVATIVE_EDGE_BELOW_1_5;CONSERVATIVE_EV_BELOW_1_5,,,,,false,ALT_SHADOW_REJECTED,full_game,2026-08-14T17:48:46.511965-04:00
MLB,MLB,0a0695b5ceedd8e03ad7fc7168e13abaaa63c4c4,2026-08-15T02:15:00+00:00,COL @ SF,TOTAL,TEAM_PROP,STRIKEOUTS,SF STRIKEOUTS UNDER 8.5,UNDER,SF,,,bfd438f35a26da9a20dcb5ece86557e40194dba0,50e6ad5fdac1727a9b8843bdb0e6053699e5fbcb,8.5,DraftKings,-135,1.7407,0.57447,100.0,80.0,,0.714286,0.543686,-3.078,-5.361,64.621,REJECTED,CONSERVATIVE_EDGE_BELOW_1_5;CONSERVATIVE_EV_BELOW_1_5,,,,,false,ALT_SHADOW_REJECTED,full_game,2026-08-14T17:48:46.511965-04:00
MLB,MLB,0a0695b5ceedd8e03ad7fc7168e13abaaa63c4c4,2026-08-15T02:15:00+00:00,COL @ SF,TOTAL,TEAM_PROP,RUNS,SF RUNS UNDER 5.5,UNDER,SF,,,16b3df35d70972486adcb556480c9791d0ec1abf,c4c4940c0db80c36f2694fcb8340bab5b03d3ad7,5.5,Midnite,-300,1.3333,0.75,100.0,100.0,,0.857143,0.700218,-4.978,-6.64,82.013,REJECTED,CONSERVATIVE_EDGE_BELOW_1_5;CONSERVATIVE_EV_BELOW_1_5,,,,,false,ALT_SHADOW_REJECTED,full_game,2026-08-14T17:48:46.511965-04:00
MLB,MLB,f0ccaafc838af31a96ed2832f49e52f61c23b38f,2026-08-14T23:10:00+00:00,WSH @ NYM,TOTAL,GAMELINE,TOTAL,WSH @ NYM TOTAL OVER 7.5,OVER,,,,e5b249e95c9b178083c1ddb167199f8a3d177444,90544d637f8013e32e1089632ab6baf967bb227d,7.5,Novig,-141,1.7092,0.58506,80.0,80.0,,0.714286,0.543686,-4.137,-7.073,64.621,REJECTED,CONSERVATIVE_EDGE_BELOW_1_5;CONSERVATIVE_EV_BELOW_1_5,,,,,false,ALT_SHADOW_REJECTED,full_game,2026-08-14T17:48:46.511965-04:00
WNBA,WNBA,2c0472374a8431b56a1ef85fed8792259c12cbb5,2026-08-15T02:00:00+00:00,PDX @ SEA,TOTAL,GAMELINE,TOTAL,PDX @ SEA TOTAL OVER 176.5,OVER,,,,16b88431d1fc228316527156a32a7938df78417a,9d49d5648ec4f66696692778dda41b733ed455f0,176.5,Hard Rock,-145,1.6897,0.59184,80.0,80.0,,0.714286,0.543686,-4.815,-8.133,64.621,REJECTED,CONSERVATIVE_EDGE_BELOW_1_5;CONSERVATIVE_EV_BELOW_1_5,,,,,false,ALT_SHADOW_REJECTED,full_game,2026-08-14T17:52:13.851220-04:00
MLB,MLB,e88e813157c3cc8b6fc6ba7b14140ce20f3397d8,2026-08-15T02:10:00+00:00,MIL @ LAD,SPREAD,GAMELINE,SPREAD,MIL +2.5,AWAY,MIL,,,f94d099e63f4a716463b46fd30e8804f3e71372f,2482d716678ba4022f5798026e7031f70fb6f6b6,2.5,Novig,-208,1.4808,0.67532,80.0,90.0,,0.785714,0.619416,-5.59,-8.277,70.665,REJECTED,CONSERVATIVE_EDGE_BELOW_1_5;CONSERVATIVE_EV_BELOW_1_5,,,,,false,ALT_SHADOW_REJECTED,full_game,2026-08-14T17:48:46.511965-04:00
MLB,MLB,e88e813157c3cc8b6fc6ba7b14140ce20f3397d8,2026-08-15T02:10:00+00:00,MIL @ LAD,TOTAL,TEAM_PROP,TOTAL,MIL TOTAL OVER 1.5,OVER,MIL,,,aafaa7099ebdcd43d5179ccdcb51161e9f79c5a5,50106aa6835a637d6bf9bfbd00371c241824c17e,1.5,hardrock r,-325.0,1.3077,0.76471,,100.0,,0.857143,0.700218,-6.449,-8.432,82.013,REJECTED,CONSERVATIVE_EDGE_BELOW_1_5;CONSERVATIVE_EV_BELOW_1_5,,,,,false,ALT_SHADOW_REJECTED,full_game,2026-08-14T17:48:46.511965-04:00
MLB,MLB,488b3d2d3f8e214c64f3d2f237418aa9f74fbe3b,2026-08-15T01:38:00+00:00,KC @ LAA,TOTAL,TEAM_PROP,HITS,KC HITS UNDER 8.5,UNDER,KC,,,fe483d3fb9e5169a49763fd8555a2c33eabc3ff7,29e5570aa58a27a75161e56796c56e2cc2174584,8.5,Hard Rock,-150,1.6667,0.6,80.0,80.0,,0.714286,0.543686,-5.631,-9.384,64.621,REJECTED,CONSERVATIVE_EDGE_BELOW_1_5;CONSERVATIVE_EV_BELOW_1_5,,,,,false,ALT_SHADOW_REJECTED,full_game,2026-08-14T17:48:46.511965-04:00
MLB,MLB,e88e813157c3cc8b6fc6ba7b14140ce20f3397d8,2026-08-15T02:10:00+00:00,MIL @ LAD,SPREAD,GAMELINE,SPREAD,MIL +2,AWAY,MIL,,,f94d099e63f4a716463b46fd30e8804f3e71372f,88255a0137c3f89f175018bb46f54d622216d7eb,2.0,DraftKings,-193,1.5181,0.6587,80.0,88.889,,0.769232,0.594731,-6.397,-9.714,69.017,REJECTED,CONSERVATIVE_EDGE_BELOW_1_5;CONSERVATIVE_EV_BELOW_1_5,,,,,false,ALT_SHADOW_REJECTED,full_game,2026-08-14T17:48:46.511965-04:00
WNBA,WNBA,ce28e39e53f06c32668c3d703ee9067eed9ba577,2026-08-14T23:30:00+00:00,DAL @ IND,SPREAD,GAMELINE,SPREAD,DAL +13.5,AWAY,DAL,,,69cbdd05c51aa1af4414d4627da4919ef384b30b,1cc7bcdc6cdc9689d78c59c425598bce7be1dd58,13.5,Hard Rock,-230,1.4348,0.69697,80.0,90.0,,0.785714,0.619416,-7.755,-11.126,70.665,REJECTED,CONSERVATIVE_EDGE_BELOW_1_5;CONSERVATIVE_EV_BELOW_1_5,,,,,false,ALT_SHADOW_REJECTED,full_game,2026-08-14T17:52:13.851220-04:00
MLB,MLB,6db6568d134f5df21219209469036a5e0afb6764,2026-08-14T23:10:00+00:00,BAL @ TB,SPREAD,GAMELINE,SPREAD,TB +1,HOME,TB,,,9ab5071dfae75d08fbe76eb8985a00ec2f42e0e7,00da081bccc0983ed79e511e25321feca14143ae,1.0,DraftKings,-232,1.431,0.6988,100.0,90.0,,0.785714,0.619416,-7.938,-11.362,73.165,REJECTED,CONSERVATIVE_EDGE_BELOW_1_5;CONSERVATIVE_EV_BELOW_1_5,,,,,false,ALT_SHADOW_REJECTED,full_game,2026-08-14T17:48:46.511965-04:00
MLB,MLB,6db6568d134f5df21219209469036a5e0afb6764,2026-08-14T23:10:00+00:00,BAL @ TB,TOTAL,TEAM_PROP,WALKS,TB WALKS OVER 2.5,OVER,TB,,,0d205e1e2099f942e90eab8012d18356b80165a8,ba1aed8d954257def3637cb468cbf0d5466cba94,2.5,DraftKings,-160,1.625,0.61538,80.0,80.0,,0.714286,0.543686,-7.169,-11.651,64.621,REJECTED,CONSERVATIVE_EDGE_BELOW_1_5;CONSERVATIVE_EV_BELOW_1_5,,,,,false,ALT_SHADOW_REJECTED,full_game,2026-08-14T17:48:46.511965-04:00
MLB,MLB,36ff8623e428995786e706503854ba8fc1c26140,2026-08-15T00:10:00+00:00,SEA @ HOU,TOTAL,TEAM_PROP,STRIKEOUTS,HOU STRIKEOUTS UNDER 8.5,UNDER,HOU,,,98a36790ce80acfadd4a3e1cdcfa40990bd68db9,ce54d19a7b4a6b2b97cee7d0a95fe4018654b099,8.5,DraftKings,-160,1.625,0.61538,100.0,80.0,,0.714286,0.543686,-7.169,-11.651,64.621,REJECTED,CONSERVATIVE_EDGE_BELOW_1_5;CONSERVATIVE_EV_BELOW_1_5,,,,,false,ALT_SHADOW_REJECTED,full_game,2026-08-14T17:48:46.511965-04:00
MLB,MLB,36ff8623e428995786e706503854ba8fc1c26140,2026-08-15T00:10:00+00:00,SEA @ HOU,TOTAL,TEAM_PROP,RUNS,SEA RUNS UNDER 4.5,UNDER,SEA,,,6f289ed81a746cadc34a996bc185176558079d49,0c2214b7df6537afe6fd53bca2af234eebf852ba,4.5,Midnite,-162,1.6173,0.61832,80.0,80.0,,0.714286,0.543686,-7.463,-12.07,64.621,REJECTED,CONSERVATIVE_EDGE_BELOW_1_5;CONSERVATIVE_EV_BELOW_1_5,,,,,false,ALT_SHADOW_REJECTED,full_game,2026-08-14T17:48:46.511965-04:00
WNBA,WNBA,2c0472374a8431b56a1ef85fed8792259c12cbb5,2026-08-15T02:00:00+00:00,PDX @ SEA,TOTAL,GAMELINE,TOTAL,PDX @ SEA TOTAL OVER 175.5,OVER,,,,16b88431d1fc228316527156a32a7938df78417a,8d835226cef9d150fcd140ab9d258e3627f1859a,175.5,Hard Rock,-165,1.6061,0.62264,80.0,80.0,,0.714286,0.543686,-7.895,-12.679,64.621,REJECTED,CONSERVATIVE_EDGE_BELOW_1_5;CONSERVATIVE_EV_BELOW_1_5,,,,,false,ALT_SHADOW_REJECTED,full_game,2026-08-14T17:52:13.851220-04:00
WNBA,WNBA,ce28e39e53f06c32668c3d703ee9067eed9ba577,2026-08-14T23:30:00+00:00,DAL @ IND,SPREAD,GAMELINE,SPREAD,DAL +14.5,AWAY,DAL,,,69cbdd05c51aa1af4414d4627da4919ef384b30b,8197a384c9b88a464037ee01fb45d11bf81e9243,14.5,Hard Rock,-250,1.4,0.71429,80.0,90.0,,0.785714,0.619416,-9.487,-13.282,70.665,REJECTED,CONSERVATIVE_EDGE_BELOW_1_5;CONSERVATIVE_EV_BELOW_1_5,,,,,false,ALT_SHADOW_REJECTED,full_game,2026-08-14T17:52:13.851220-04:00
WNBA,WNBA,ce28e39e53f06c32668c3d703ee9067eed9ba577,2026-08-14T23:30:00+00:00,DAL @ IND,SPREAD,GAMELINE,SPREAD,DAL +14,AWAY,DAL,,,69cbdd05c51aa1af4414d4627da4919ef384b30b,824a5aa11fb60d3e53e1a4253dde0df1238a5257,14.0,Fanatics,-255,1.3922,0.71831,80.0,90.0,,0.785714,0.619416,-9.889,-13.765,70.665,REJECTED,CONSERVATIVE_EDGE_BELOW_1_5;CONSERVATIVE_EV_BELOW_1_5,,,,,false,ALT_SHADOW_REJECTED,full_game,2026-08-14T17:52:13.851220-04:00
MLB,MLB,6db6568d134f5df21219209469036a5e0afb6764,2026-08-14T23:10:00+00:00,BAL @ TB,SPREAD,GAMELINE,SPREAD,TB +1.5,HOME,TB,,,9ab5071dfae75d08fbe76eb8985a00ec2f42e0e7,558a4d2cb9f90bf48266f273e8684534ee9f2b71,1.5,Novig,-257,1.3891,0.71989,100.0,90.0,,0.785714,0.619416,-10.047,-13.957,73.165,REJECTED,CONSERVATIVE_EDGE_BELOW_1_5;CONSERVATIVE_EV_BELOW_1_5,,,,,false,ALT_SHADOW_REJECTED,full_game,2026-08-14T17:48:46.511965-04:00
MLB,MLB,e88e813157c3cc8b6fc6ba7b14140ce20f3397d8,2026-08-15T02:10:00+00:00,MIL @ LAD,TOTAL,TEAM_PROP,RUNS,LAD RUNS UNDER 6.5,UNDER,LAD,,,5af8527a71d02c1fde324d713dc73236efcbb64a,349f30a6c99f2512dd38d56164a712a79f531629,6.5,DraftKings,-450,1.2222,0.81818,100.0,100.0,,0.857143,0.700218,-11.796,-14.419,82.013,REJECTED,CONSERVATIVE_EDGE_BELOW_1_5;CONSERVATIVE_EV_BELOW_1_5,,,,,false,ALT_SHADOW_REJECTED,full_game,2026-08-14T17:48:46.511965-04:00
WNBA,WNBA,ce28e39e53f06c32668c3d703ee9067eed9ba577,2026-08-14T23:30:00+00:00,DAL @ IND,SPREAD,GAMELINE,SPREAD,DAL +18.5,AWAY,DAL,,,69cbdd05c51aa1af4414d4627da4919ef384b30b,ec78b6e06737f99776d2ae1717242916ea338744,18.5,Hard Rock,-450,1.2222,0.81818,100.0,100.0,,0.857143,0.700218,-11.796,-14.419,82.013,REJECTED,CONSERVATIVE_EDGE_BELOW_1_5;CONSERVATIVE_EV_BELOW_1_5,,,,,false,ALT_SHADOW_REJECTED,full_game,2026-08-14T17:52:13.851220-04:00
MLB,MLB,aa778db9a68c2bad59ee411b142bb38274926a31,2026-08-15T01:40:00+00:00,TEX @ ATH,TOTAL,TEAM_PROP,RUNS,TEX RUNS UNDER 7.5,UNDER,TEX,,,e172b5cd1db0d53974f63075af25b48332d59807,605b87b75238e4e112240d69aaafc14a2dd4c43f,7.5,DraftKings,-450,1.2222,0.81818,100.0,100.0,,0.857143,0.700218,-11.796,-14.419,82.013,REJECTED,CONSERVATIVE_EDGE_BELOW_1_5;CONSERVATIVE_EV_BELOW_1_5,,,,,false,ALT_SHADOW_REJECTED,full_game,2026-08-14T17:48:46.511965-04:00
MLB,MLB,f0ccaafc838af31a96ed2832f49e52f61c23b38f,2026-08-14T23:10:00+00:00,WSH @ NYM,TOTAL,TEAM_PROP,TOTAL,WSH TOTAL OVER 2.5,OVER,WSH,,,695e7ee4d604b61c598183197e19a0c4e608f815,e5bfe0a97ab83d63196db671d9bb4616f91692cb,2.5,kalshi,-263.0,1.3802,0.72452,,90.0,,0.785714,0.619416,-10.51,-14.508,73.165,REJECTED,CONSERVATIVE_EDGE_BELOW_1_5;CONSERVATIVE_EV_BELOW_1_5,,,,,false,ALT_SHADOW_REJECTED,full_game,2026-08-14T17:48:46.511965-04:00
MLB,MLB,0a0695b5ceedd8e03ad7fc7168e13abaaa63c4c4,2026-08-15T02:15:00+00:00,COL @ SF,TOTAL,TEAM_PROP,RUNS,SF RUNS UNDER 4.5,UNDER,SF,,,16b3df35d70972486adcb556480c9791d0ec1abf,b22bdde800e076339d4532f10104fe8f4dcbb2b9,4.5,Midnite,-175,1.5714,0.63636,100.0,80.0,,0.714286,0.543686,-9.267,-14.565,64.621,REJECTED,CONSERVATIVE_EDGE_BELOW_1_5;CONSERVATIVE_EV_BELOW_1_5,,,,,false,ALT_SHADOW_REJECTED,full_game,2026-08-14T17:48:46.511965-04:00
MLB,MLB,e88e813157c3cc8b6fc6ba7b14140ce20f3397d8,2026-08-15T02:10:00+00:00,MIL @ LAD,TOTAL,GAMELINE,TOTAL,MIL @ LAD TOTAL OVER 5.5,OVER,,,,9b7f34f352096990dab7fafd92c4928db206a02b,91c50b9daaa955dc3c67054a3777e07202a4310e,5.5,Fanatics,-270,1.3704,0.72973,80.0,90.0,,0.785714,0.619416,-11.031,-15.115,70.665,REJECTED,CONSERVATIVE_EDGE_BELOW_1_5;CONSERVATIVE_EV_BELOW_1_5,,,,,false,ALT_SHADOW_REJECTED,full_game,2026-08-14T17:48:46.511965-04:00
WNBA,WNBA,2c0472374a8431b56a1ef85fed8792259c12cbb5,2026-08-15T02:00:00+00:00,PDX @ SEA,TOTAL,GAMELINE,TOTAL,PDX @ SEA TOTAL OVER 174.5,OVER,,,,16b88431d1fc228316527156a32a7938df78417a,48244b8d5763ec82e84a47b7a518b1a569207e5d,174.5,Fanatics,-180,1.5556,0.64286,80.0,80.0,,0.714286,0.543686,-9.917,-15.424,64.621,REJECTED,CONSERVATIVE_EDGE_BELOW_1_5;CONSERVATIVE_EV_BELOW_1_5,,,,,false,ALT_SHADOW_REJECTED,full_game,2026-08-14T17:52:13.851220-04:00
MLB,MLB,ef20c401baa5b5cd51eab647418980093a9acd9a,2026-08-14T22:40:00+00:00,BOS @ PIT,TOTAL,TEAM_PROP,TOTAL,BOS TOTAL OVER 2.5,OVER,BOS,,,e6e23157c6b1b2502b876e029b1fd862fe663564,b41bab48a8a04f91b8aad748deb0c218790a4812,2.5,caesars,-275.0,1.3636,0.73333,,90.0,,0.785714,0.619416,-11.391,-15.536,73.165,REJECTED,CONSERVATIVE_EDGE_BELOW_1_5;CONSERVATIVE_EV_BELOW_1_5,,,,,false,ALT_SHADOW_REJECTED,full_game,2026-08-14T17:48:46.511965-04:00
MLB,MLB,36ff8623e428995786e706503854ba8fc1c26140,2026-08-15T00:10:00+00:00,SEA @ HOU,TOTAL,TEAM_PROP,RUNS,SEA RUNS UNDER 5.5,UNDER,SEA,,,6f289ed81a746cadc34a996bc185176558079d49,ed397e5f9dfd1a7276c7469ca37c7629a15d1dda,5.5,Hard Rock,-275,1.3636,0.73333,100.0,90.0,,0.785714,0.619416,-11.391,-15.536,73.165,REJECTED,CONSERVATIVE_EDGE_BELOW_1_5;CONSERVATIVE_EV_BELOW_1_5,,,,,false,ALT_SHADOW_REJECTED,full_game,2026-08-14T17:48:46.511965-04:00
MLB,MLB,488b3d2d3f8e214c64f3d2f237418aa9f74fbe3b,2026-08-15T01:38:00+00:00,KC @ LAA,TOTAL,TEAM_PROP,RUNS,LAA RUNS UNDER 5.5,UNDER,LAA,,,ae8c7f1e018251cda58ceef38566c607eab3b773,f9a7e10e8fcb6090ca66ca50f53f04c481103613,5.5,Hard Rock,-275,1.3636,0.73333,80.0,90.0,,0.785714,0.619416,-11.391,-15.536,70.665,REJECTED,CONSERVATIVE_EDGE_BELOW_1_5;CONSERVATIVE_EV_BELOW_1_5,,,,,false,ALT_SHADOW_REJECTED,full_game,2026-08-14T17:48:46.511965-04:00
MLB,MLB,2889bff916cde60cbaab35f182f0068192b7dd44,2026-08-14T23:15:00+00:00,ARI @ ATL,SPREAD,GAMELINE,SPREAD,ARI +2.5,AWAY,ARI,,,56a1e392599827425add36b976a5c0e3b8055b26,019bdf1c1313b2cac3517809cbb032eac0cc18ab,2.5,Novig,-182,1.5495,0.64539,100.0,80.0,,0.714286,0.543686,-10.17,-15.756,64.621,REJECTED,CONSERVATIVE_EDGE_BELOW_1_5;CONSERVATIVE_EV_BELOW_1_5,,,,,false,ALT_SHADOW_REJECTED,full_game,2026-08-14T17:48:46.511965-04:00
WNBA,WNBA,ce28e39e53f06c32668c3d703ee9067eed9ba577,2026-08-14T23:30:00+00:00,DAL @ IND,SPREAD,GAMELINE,SPREAD,DAL +19,AWAY,DAL,,,69cbdd05c51aa1af4414d4627da4919ef384b30b,63e54eca71f95caa47ecaaf8d53927e2db1cfafc,19.0,Fanatics,-500,1.2,0.83333,100.0,100.0,,0.857143,0.700218,-13.311,-15.974,82.013,REJECTED,CONSERVATIVE_EDGE_BELOW_1_5;CONSERVATIVE_EV_BELOW_1_5,,,,,false,ALT_SHADOW_REJECTED,full_game,2026-08-14T17:52:13.851220-04:00
WNBA,WNBA,ce28e39e53f06c32668c3d703ee9067eed9ba577,2026-08-14T23:30:00+00:00,DAL @ IND,SPREAD,GAMELINE,SPREAD,DAL +15,AWAY,DAL,,,69cbdd05c51aa1af4414d4627da4919ef384b30b,e782fc2d5d081402af60b7efddae8e4d82ded8a1,15.0,Fanatics,-285,1.3509,0.74026,80.0,90.0,,0.785714,0.619416,-12.084,-16.323,70.665,REJECTED,CONSERVATIVE_EDGE_BELOW_1_5;CONSERVATIVE_EV_BELOW_1_5,,,,,false,ALT_SHADOW_REJECTED,full_game,2026-08-14T17:52:13.851220-04:00
WNBA,WNBA,ce28e39e53f06c32668c3d703ee9067eed9ba577,2026-08-14T23:30:00+00:00,DAL @ IND,SPREAD,GAMELINE,SPREAD,DAL +19.5,AWAY,DAL,,,69cbdd05c51aa1af4414d4627da4919ef384b30b,3d7fc12c97c87369b6cf81cd4dce2788155b8532,19.5,Fanatics,-525,1.1905,0.84,100.0,100.0,,0.857143,0.700218,-13.978,-16.639,82.013,REJECTED,CONSERVATIVE_EDGE_BELOW_1_5;CONSERVATIVE_EV_BELOW_1_5,,,,,false,ALT_SHADOW_REJECTED,full_game,2026-08-14T17:52:13.851220-04:00
WNBA,WNBA,ce28e39e53f06c32668c3d703ee9067eed9ba577,2026-08-14T23:30:00+00:00,DAL @ IND,SPREAD,GAMELINE,SPREAD,DAL +18,AWAY,DAL,,,69cbdd05c51aa1af4414d4627da4919ef384b30b,91a1a9ef8f599d2e77fb7d27ba3924a96812d0e3,18.0,Fanatics,-450,1.2222,0.81818,80.0,100.0,,0.846154,0.680406,-13.777,-16.841,75.824,REJECTED,CONSERVATIVE_EDGE_BELOW_1_5;CONSERVATIVE_EV_BELOW_1_5,,,,,false,ALT_SHADOW_REJECTED,full_game,2026-08-14T17:52:13.851220-04:00
MLB,MLB,8a105b91f1d12e353b0236f2f946c271af63c996,2026-08-14T23:15:00+00:00,NYY @ TOR,SPREAD,GAMELINE,SPREAD,TOR +2,HOME,TOR,,,c54a8aff5dc6e303037d96f84447d1c8a6b98e8a,ae84e482484bb049dd68cc5c6bb0b920ed3a63e2,2.0,DraftKings,-190,1.5263,0.65517,80.0,80.0,,0.714286,0.543686,-11.148,-17.017,64.621,REJECTED,CONSERVATIVE_EDGE_BELOW_1_5;CONSERVATIVE_EV_BELOW_1_5,,,,,false,ALT_SHADOW_REJECTED,full_game,2026-08-14T17:48:46.511965-04:00
MLB,MLB,e88e813157c3cc8b6fc6ba7b14140ce20f3397d8,2026-08-15T02:10:00+00:00,MIL @ LAD,PLAYER_PROP,PLAYER_PROP,SO,Robert Gasser SO OVER 2.5,OVER,MIL,Robert Gasser,,35562596d70c68f80cd97baa79a601e2da83bb14,5436f6012044e37249f33be79bfbb1bfc5668434,2.5,Fanatics,-550,1.181818,0.846154,100.0,100.0,100.0,0.857143,0.700218,-14.594,-17.247,82.013,REJECTED,CONSERVATIVE_EDGE_BELOW_1_5;CONSERVATIVE_EV_BELOW_1_5,,,,,false,ALT_SHADOW_REJECTED,full_game,
MLB,MLB,0a0695b5ceedd8e03ad7fc7168e13abaaa63c4c4,2026-08-15T02:15:00+00:00,COL @ SF,TOTAL,TEAM_PROP,RUNS,SF RUNS UNDER 6.5,UNDER,SF,,,16b3df35d70972486adcb556480c9791d0ec1abf,415f0d08f758d1d0d684c53269f0974c25b38074,6.5,DraftKings,-550,1.1818,0.84615,100.0,100.0,,0.857143,0.700218,-14.593,-17.248,82.013,REJECTED,CONSERVATIVE_EDGE_BELOW_1_5;CONSERVATIVE_EV_BELOW_1_5,,,,,false,ALT_SHADOW_REJECTED,full_game,2026-08-14T17:48:46.511965-04:00
WNBA,WNBA,ce28e39e53f06c32668c3d703ee9067eed9ba577,2026-08-14T23:30:00+00:00,DAL @ IND,SPREAD,GAMELINE,SPREAD,DAL +15.5,AWAY,DAL,,,69cbdd05c51aa1af4414d4627da4919ef384b30b,663744536d8707550a93421812ca711d71dc56c2,15.5,Hard Rock,-300,1.3333,0.75,80.0,90.0,,0.785714,0.619416,-13.058,-17.413,70.665,REJECTED,CONSERVATIVE_EDGE_BELOW_1_5;CONSERVATIVE_EV_BELOW_1_5,,,,,false,ALT_SHADOW_REJECTED,full_game,2026-08-14T17:52:13.851220-04:00
MLB,MLB,2889bff916cde60cbaab35f182f0068192b7dd44,2026-08-14T23:15:00+00:00,ARI @ ATL,SPREAD,GAMELINE,SPREAD,ATL +1.5,HOME,ATL,,,56a1e392599827425add36b976a5c0e3b8055b26,a3df5381cc66c8c8aa109cc4726f6252fc313493,1.5,Novig,-300,1.3333,0.75,80.0,90.0,,0.785714,0.619416,-13.058,-17.413,70.665,REJECTED,CONSERVATIVE_EDGE_BELOW_1_5;CONSERVATIVE_EV_BELOW_1_5,,,,,false,ALT_SHADOW_REJECTED,full_game,2026-08-14T17:48:46.511965-04:00
WNBA,WNBA,ce28e39e53f06c32668c3d703ee9067eed9ba577,2026-08-14T23:30:00+00:00,DAL @ IND,SPREAD,GAMELINE,SPREAD,DAL +20,AWAY,DAL,,,69cbdd05c51aa1af4414d4627da4919ef384b30b,35247113a1aa3975f6820cb9a8f717a72d017b10,20.0,Fanatics,-575,1.1739,0.85185,100.0,100.0,,0.857143,0.700218,-15.163,-17.801,82.013,REJECTED,CONSERVATIVE_EDGE_BELOW_1_5;CONSERVATIVE_EV_BELOW_1_5,,,,,false,ALT_SHADOW_REJECTED,full_game,2026-08-14T17:52:13.851220-04:00
MLB,MLB,aa778db9a68c2bad59ee411b142bb38274926a31,2026-08-15T01:40:00+00:00,TEX @ ATH,TOTAL,TEAM_PROP,RUNS,ATH RUNS UNDER 7.5,UNDER,ATH,,,c8e98b7b8a7d4148b61c22ed8ca59afbfa6bb6e1,99a70bd2ea27f73031cea0943e328344f752d8fe,7.5,DraftKings,-575,1.1739,0.85185,100.0,100.0,,0.857143,0.700218,-15.163,-17.801,82.013,REJECTED,CONSERVATIVE_EDGE_BELOW_1_5;CONSERVATIVE_EV_BELOW_1_5,,,,,false,ALT_SHADOW_REJECTED,full_game,2026-08-14T17:48:46.511965-04:00
MLB,MLB,0ca4cb92aa874e95044a13829b554bd5fb96a8d1,2026-08-14T22:40:00+00:00,CWS @ DET,SPREAD,GAMELINE,SPREAD,DET +3.5,HOME,DET,,,1f8117721bac3b567064cdbcf1ca8e27213df38c,8af66b375d8c6169d3a13540032aba412abdd777,3.5,Fanatics,-575,1.1739,0.85185,100.0,100.0,,0.857143,0.700218,-15.163,-17.801,82.013,REJECTED,CONSERVATIVE_EDGE_BELOW_1_5;CONSERVATIVE_EV_BELOW_1_5,,,,,false,ALT_SHADOW_REJECTED,full_game,2026-08-14T17:48:46.511965-04:00
MLB,MLB,0a0695b5ceedd8e03ad7fc7168e13abaaa63c4c4,2026-08-15T02:15:00+00:00,COL @ SF,PLAYER_PROP,PLAYER_PROP,2B,Osleivis Basabe 2B UNDER 0.5,UNDER,SF,Osleivis Basabe,,89f381b0ed10cf976ae41742942a7123a7f2fa4c,891a326eb48d8a35239f543d8fb8ef2469fd8013,0.5,Hard Rock,-475,1.210526,0.826087,100.0,100.0,91.0,0.834643,0.674106,-15.198,-18.398,79.096,REJECTED,CONSERVATIVE_EDGE_BELOW_1_5;CONSERVATIVE_EV_BELOW_1_5,,,,,false,ALT_SHADOW_REJECTED,full_game,
WNBA,WNBA,2c0472374a8431b56a1ef85fed8792259c12cbb5,2026-08-15T02:00:00+00:00,PDX @ SEA,TOTAL,GAMELINE,TOTAL,PDX @ SEA TOTAL OVER 173.5,OVER,,,,16b88431d1fc228316527156a32a7938df78417a,46aa5c3eaac772de4c331bac29a0ebce54d296da,173.5,Fanatics,-200,1.5,0.66667,80.0,80.0,,0.714286,0.543686,-12.298,-18.447,64.621,REJECTED,CONSERVATIVE_EDGE_BELOW_1_5;CONSERVATIVE_EV_BELOW_1_5,,,,,false,ALT_SHADOW_REJECTED,full_game,2026-08-14T17:52:13.851220-04:00
MLB,MLB,2889bff916cde60cbaab35f182f0068192b7dd44,2026-08-14T23:15:00+00:00,ARI @ ATL,TOTAL,TEAM_PROP,RUNS,ATL RUNS OVER 3.5,OVER,ATL,,,9da247bf8dc5946da70a29f3a5f82db01a5d7d8d,6b031258884ecad21df95d5ba7c21a71712ed255,3.5,Hard Rock,-200,1.5,0.66667,80.0,80.0,,0.714286,0.543686,-12.298,-18.447,64.621,REJECTED,CONSERVATIVE_EDGE_BELOW_1_5;CONSERVATIVE_EV_BELOW_1_5,,,,,false,ALT_SHADOW_REJECTED,full_game,2026-08-14T17:48:46.511965-04:00
MLB,MLB,2889bff916cde60cbaab35f182f0068192b7dd44,2026-08-14T23:15:00+00:00,ARI @ ATL,TOTAL,TEAM_PROP,RUNS,ATL RUNS UNDER 5.5,UNDER,ATL,,,9da247bf8dc5946da70a29f3a5f82db01a5d7d8d,cc7f5e8e089b11db1e43a3c478fd1fd5bb04658e,5.5,DraftKings,-200,1.5,0.66667,80.0,80.0,,0.714286,0.543686,-12.298,-18.447,64.621,REJECTED,CONSERVATIVE_EDGE_BELOW_1_5;CONSERVATIVE_EV_BELOW_1_5,,,,,false,ALT_SHADOW_REJECTED,full_game,2026-08-14T17:48:46.511965-04:00
MLB,MLB,ef20c401baa5b5cd51eab647418980093a9acd9a,2026-08-14T22:40:00+00:00,BOS @ PIT,PLAYER_PROP,PLAYER_PROP,SO,Jake Bennett SO OVER 2.5,OVER,BOS,Jake Bennett,,541f93dd3dd4d5b4307bf2a67f0c49ee2c2cd344,4b28974478bf7695d2c73dd03d835fb46c0651cc,2.5,Midnite,-500,1.2,0.833333,100.0,100.0,92.0,0.837143,0.676975,-15.636,-18.763,79.418,REJECTED,CONSERVATIVE_EDGE_BELOW_1_5;CONSERVATIVE_EV_BELOW_1_5,,,,,false,ALT_SHADOW_REJECTED,full_game,
MLB,MLB,2889bff916cde60cbaab35f182f0068192b7dd44,2026-08-14T23:15:00+00:00,ARI @ ATL,SPREAD,GAMELINE,SPREAD,ARI +2,AWAY,ARI,,,56a1e392599827425add36b976a5c0e3b8055b26,45fabf6cb7aa2ad0d90f1d03675e0ece91f734b3,2.0,DraftKings,-174,1.5747,0.63504,80.0,77.778,,0.692309,0.514666,-12.037,-18.955,61.991,REJECTED,RECENT_HIT_RATE_BELOW_80;CONSERVATIVE_EDGE_BELOW_1_5;CONSERVATIVE_EV_BELOW_1_5,,,,,false,ALT_SHADOW_REJECTED,full_game,2026-08-14T17:48:46.511965-04:00
MLB,MLB,488b3d2d3f8e214c64f3d2f237418aa9f74fbe3b,2026-08-15T01:38:00+00:00,KC @ LAA,TOTAL,GAMELINE,TOTAL,KC @ LAA TOTAL UNDER 11.5,UNDER,,,,0f763b495f66a6a56471fd466c6339749a41668e,c23ba2cc50d34a57e3012959c33e6b39f665c89d,11.5,Hard Rock,-325,1.3077,0.76471,80.0,90.0,,0.785714,0.619416,-14.529,-18.999,70.665,REJECTED,CONSERVATIVE_EDGE_BELOW_1_5;CONSERVATIVE_EV_BELOW_1_5,,,,,false,ALT_SHADOW_REJECTED,full_game,2026-08-14T17:48:46.511965-04:00
MLB,MLB,2889bff916cde60cbaab35f182f0068192b7dd44,2026-08-14T23:15:00+00:00,ARI @ ATL,TOTAL,TEAM_PROP,RUNS,ATL RUNS UNDER 6.5,UNDER,ATL,,,9da247bf8dc5946da70a29f3a5f82db01a5d7d8d,8e3793c75eba60cf2c799196df21f6820bd53a72,6.5,DraftKings,-330,1.303,0.76744,100.0,90.0,,0.785714,0.619416,-14.802,-19.29,73.165,REJECTED,CONSERVATIVE_EDGE_BELOW_1_5;CONSERVATIVE_EV_BELOW_1_5,,,,,false,ALT_SHADOW_REJECTED,full_game,2026-08-14T17:48:46.511965-04:00
WNBA,WNBA,ce28e39e53f06c32668c3d703ee9067eed9ba577,2026-08-14T23:30:00+00:00,DAL @ IND,SPREAD,GAMELINE,SPREAD,DAL +16,AWAY,DAL,,,69cbdd05c51aa1af4414d4627da4919ef384b30b,1220016f87d128fc94c181406060f8df01c4d7c2,16.0,Fanatics,-330,1.303,0.76744,80.0,90.0,,0.785714,0.619416,-14.802,-19.29,70.665,REJECTED,CONSERVATIVE_EDGE_BELOW_1_5;CONSERVATIVE_EV_BELOW_1_5,,,,,false,ALT_SHADOW_REJECTED,full_game,2026-08-14T17:52:13.851220-04:00
MLB,MLB,6db6568d134f5df21219209469036a5e0afb6764,2026-08-14T23:10:00+00:00,BAL @ TB,TOTAL,TEAM_PROP,RUNS,BAL RUNS UNDER 5.5,UNDER,BAL,,,b9c51649dea61d86277ae9d8555c0e7a6a03c94d,a891ec5bb48d9d8627501bcea5fd7b645918ef0e,5.5,DraftKings,-330,1.303,0.76744,80.0,90.0,,0.785714,0.619416,-14.802,-19.29,70.665,REJECTED,CONSERVATIVE_EDGE_BELOW_1_5;CONSERVATIVE_EV_BELOW_1_5,,,,,false,ALT_SHADOW_REJECTED,full_game,2026-08-14T17:48:46.511965-04:00
WNBA,WNBA,ce28e39e53f06c32668c3d703ee9067eed9ba577,2026-08-14T23:30:00+00:00,DAL @ IND,SPREAD,GAMELINE,SPREAD,DAL +20.5,AWAY,DAL,,,69cbdd05c51aa1af4414d4627da4919ef384b30b,f3e4a52358feadeca9ccc38aaafe289ed60ef4d4,20.5,DraftKings,-660,1.1515,0.86842,100.0,100.0,,0.857143,0.700218,-16.82,-19.37,82.013,REJECTED,CONSERVATIVE_EDGE_BELOW_1_5;CONSERVATIVE_EV_BELOW_1_5,,,,,false,ALT_SHADOW_REJECTED,full_game,2026-08-14T17:52:13.851220-04:00
MLB,MLB,aa778db9a68c2bad59ee411b142bb38274926a31,2026-08-15T01:40:00+00:00,TEX @ ATH,PLAYER_PROP,PLAYER_PROP,SO,Kumar Rocker SO OVER 2.5,OVER,TEX,Kumar Rocker,,7b27d1736a5880d892cb80e05f324a6233f60978,0ca8ba236f655cf48739f84fcab224e7a2ab9b28,2.5,Midnite,-500,1.2,0.833333,100.0,100.0,90.0,0.832143,0.671246,-16.209,-19.451,78.775,REJECTED,CONSERVATIVE_EDGE_BELOW_1_5;CONSERVATIVE_EV_BELOW_1_5,,,,,false,ALT_SHADOW_REJECTED,full_game,
MLB,MLB,8a105b91f1d12e353b0236f2f946c271af63c996,2026-08-14T23:15:00+00:00,NYY @ TOR,SPREAD,GAMELINE,SPREAD,TOR +2.5,HOME,TOR,,,c54a8aff5dc6e303037d96f84447d1c8a6b98e8a,1a31d55528af8c53d1fc7bd0fcd4d65634afc28f,2.5,Novig,-208,1.4808,0.67532,80.0,80.0,,0.714286,0.543686,-13.163,-19.491,64.621,REJECTED,CONSERVATIVE_EDGE_BELOW_1_5;CONSERVATIVE_EV_BELOW_1_5,,,,,false,ALT_SHADOW_REJECTED,full_game,2026-08-14T17:48:46.511965-04:00
MLB,MLB,e88e813157c3cc8b6fc6ba7b14140ce20f3397d8,2026-08-15T02:10:00+00:00,MIL @ LAD,SPREAD,GAMELINE,SPREAD,MIL +3,AWAY,MIL,,,f94d099e63f4a716463b46fd30e8804f3e71372f,c2f908aca508bc4bb6a00d61b69c1321e49c2466,3.0,DraftKings,-334,1.2994,0.76959,80.0,90.0,,0.785714,0.619416,-15.017,-19.513,70.665,REJECTED,CONSERVATIVE_EDGE_BELOW_1_5;CONSERVATIVE_EV_BELOW_1_5,,,,,false,ALT_SHADOW_REJECTED,full_game,2026-08-14T17:48:46.511965-04:00
MLB,MLB,aa778db9a68c2bad59ee411b142bb38274926a31,2026-08-15T01:40:00+00:00,TEX @ ATH,TOTAL,TEAM_PROP,RUNS,ATH RUNS UNDER 6.5,UNDER,ATH,,,c8e98b7b8a7d4148b61c22ed8ca59afbfa6bb6e1,841c1c6b93bd95205e6c1cec964da74908441159,6.5,DraftKings,-340,1.2941,0.77273,80.0,90.0,,0.785714,0.619416,-15.331,-19.841,70.665,REJECTED,CONSERVATIVE_EDGE_BELOW_1_5;CONSERVATIVE_EV_BELOW_1_5,,,,,false,ALT_SHADOW_REJECTED,full_game,2026-08-14T17:48:46.511965-04:00
MLB,MLB,e88e813157c3cc8b6fc6ba7b14140ce20f3397d8,2026-08-15T02:10:00+00:00,MIL @ LAD,TOTAL,TEAM_PROP,RUNS,MIL RUNS UNDER 6.5,UNDER,MIL,,,aafaa7099ebdcd43d5179ccdcb51161e9f79c5a5,ae21c16393109d742e6718a4d579a340fa61b335,6.5,Midnite,-700,1.1429,0.875,100.0,100.0,,0.857143,0.700218,-17.478,-19.972,82.013,REJECTED,CONSERVATIVE_EDGE_BELOW_1_5;CONSERVATIVE_EV_BELOW_1_5,,,,,false,ALT_SHADOW_REJECTED,full_game,2026-08-14T17:48:46.511965-04:00
MLB,MLB,aa778db9a68c2bad59ee411b142bb38274926a31,2026-08-15T01:40:00+00:00,TEX @ ATH,TOTAL,TEAM_PROP,RUNS,TEX RUNS UNDER 8.5,UNDER,TEX,,,e172b5cd1db0d53974f63075af25b48332d59807,0af80f463fad34c72d064b8099947a04648f4d87,8.5,Midnite,-700,1.1429,0.875,100.0,100.0,,0.857143,0.700218,-17.478,-19.972,82.013,REJECTED,CONSERVATIVE_EDGE_BELOW_1_5;CONSERVATIVE_EV_BELOW_1_5,,,,,false,ALT_SHADOW_REJECTED,full_game,2026-08-14T17:48:46.511965-04:00
MLB,MLB,0ca4cb92aa874e95044a13829b554bd5fb96a8d1,2026-08-14T22:40:00+00:00,CWS @ DET,TOTAL,TEAM_PROP,TOTAL,DET TOTAL OVER 1.5,OVER,DET,,,ba99c7fcda61d13e66befc1e5947055f486ec199,141eda72bf83199fb7bfc00f05fe75116bc0d49f,1.5,kalshi,-719.0,1.1391,0.8779,,100.0,,0.857143,0.700218,-17.768,-20.238,82.013,REJECTED,CONSERVATIVE_EDGE_BELOW_1_5;CONSERVATIVE_EV_BELOW_1_5,,,,,false,ALT_SHADOW_REJECTED,full_game,2026-08-14T17:48:46.511965-04:00
MLB,MLB,f0ccaafc838af31a96ed2832f49e52f61c23b38f,2026-08-14T23:10:00+00:00,WSH @ NYM,TOTAL,GAMELINE,TOTAL,WSH @ NYM TOTAL OVER 7.0,OVER,,,,e5b249e95c9b178083c1ddb167199f8a3d177444,4caf673d7cdc70aea111d6d49bedc1a3ce3935b3,7.0,Fanatics,-215,1.4651,0.68254,80.0,80.0,,0.714286,0.543686,-13.885,-20.345,64.621,REJECTED,CONSERVATIVE_EDGE_BELOW_1_5;CONSERVATIVE_EV_BELOW_1_5,,,,,false,ALT_SHADOW_REJECTED,full_game,2026-08-14T17:48:46.511965-04:00
MLB,MLB,0ca4cb92aa874e95044a13829b554bd5fb96a8d1,2026-08-14T22:40:00+00:00,CWS @ DET,SPREAD,GAMELINE,SPREAD,DET +2.5,HOME,DET,,,1f8117721bac3b567064cdbcf1ca8e27213df38c,f17ed70f9bbe250122c6871dc4c8502b01bda209,2.5,Fanatics,-350,1.2857,0.77778,100.0,90.0,,0.785714,0.619416,-15.836,-20.362,73.165,REJECTED,CONSERVATIVE_EDGE_BELOW_1_5;CONSERVATIVE_EV_BELOW_1_5,,,,,false,ALT_SHADOW_REJECTED,full_game,2026-08-14T17:48:46.511965-04:00
WNBA,WNBA,ce28e39e53f06c32668c3d703ee9067eed9ba577,2026-08-14T23:30:00+00:00,DAL @ IND,SPREAD,GAMELINE,SPREAD,DAL +16.5,AWAY,DAL,,,69cbdd05c51aa1af4414d4627da4919ef384b30b,de7380eb3da5a292fa0d5d2ae336504d5365b365,16.5,Hard Rock,-350,1.2857,0.77778,80.0,90.0,,0.785714,0.619416,-15.836,-20.362,70.665,REJECTED,CONSERVATIVE_EDGE_BELOW_1_5;CONSERVATIVE_EV_BELOW_1_5,,,,,false,ALT_SHADOW_REJECTED,full_game,2026-08-14T17:52:13.851220-04:00
MLB,MLB,488b3d2d3f8e214c64f3d2f237418aa9f74fbe3b,2026-08-15T01:38:00+00:00,KC @ LAA,PLAYER_PROP,PLAYER_PROP,2B,Moisés Ballesteros 2B UNDER 0.5,UNDER,LAA,Moisés Ballesteros,,0320060ef5e42c454dd7d88c7ed16ffaf0a08b99,96e1d998cf73173a01a2f7092e4664995af18064,0.5,DraftKings,-640,1.15625,0.864865,100.0,100.0,95.0,0.844643,0.685628,-17.924,-20.724,80.388,REJECTED,CONSERVATIVE_EDGE_BELOW_1_5;CONSERVATIVE_EV_BELOW_1_5,,,,,false,ALT_SHADOW_REJECTED,full_game,
MLB,MLB,7fcdba132025d708ccb897487bbdf70ae514ed86,2026-08-14T23:10:00+00:00,SD @ CLE,TOTAL,TEAM_PROP,TOTAL,SD TOTAL OVER 1.5,OVER,SD,,,d170bb7f4d8f831450f3c5ee373faafa0f3ef14b,3810f4151f3aaea700bf8da63fe5fee87c5e8394,1.5,kalshi,-360.0,1.2778,0.78261,,90.0,,0.785714,0.619416,-16.319,-20.851,73.165,REJECTED,CONSERVATIVE_EDGE_BELOW_1_5;CONSERVATIVE_EV_BELOW_1_5,,,,,false,ALT_SHADOW_REJECTED,full_game,2026-08-14T17:48:46.511965-04:00
MLB,MLB,2889bff916cde60cbaab35f182f0068192b7dd44,2026-08-14T23:15:00+00:00,ARI @ ATL,SPREAD,GAMELINE,SPREAD,ARI +5.5,AWAY,ARI,,,56a1e392599827425add36b976a5c0e3b8055b26,b4a7f43d409e8fa732b33f3ecf9952df65c7d3c0,5.5,Novig,-770,1.1299,0.88506,100.0,100.0,,0.857143,0.700218,-18.484,-20.882,82.013,REJECTED,CONSERVATIVE_EDGE_BELOW_1_5;CONSERVATIVE_EV_BELOW_1_5,,,,,false,ALT_SHADOW_REJECTED,full_game,2026-08-14T17:48:46.511965-04:00
WNBA,WNBA,2c0472374a8431b56a1ef85fed8792259c12cbb5,2026-08-15T02:00:00+00:00,PDX @ SEA,TOTAL,GAMELINE,TOTAL,PDX @ SEA TOTAL OVER 172.5,OVER,,,,16b88431d1fc228316527156a32a7938df78417a,c106a2ea22910ccda78fa8e73e88e5745e1f6c5e,172.5,Fanatics,-220,1.4545,0.6875,80.0,80.0,,0.714286,0.543686,-14.381,-20.921,64.621,REJECTED,CONSERVATIVE_EDGE_BELOW_1_5;CONSERVATIVE_EV_BELOW_1_5,,,,,false,ALT_SHADOW_REJECTED,full_game,2026-08-14T17:52:13.851220-04:00
MLB,MLB,f0ccaafc838af31a96ed2832f49e52f61c23b38f,2026-08-14T23:10:00+00:00,WSH @ NYM,PLAYER_PROP,PLAYER_PROP,2B,Luis Robert Jr. 2B UNDER 0.5,UNDER,NYM,Luis Robert Jr.,,c6e281de077a28a7a56ef347abdee666b15364ad,6a8dec3bf4a6a8e71368815faeaec0d80d56fbf2,0.5,DraftKings,-610,1.163934,0.859155,100.0,100.0,92.0,0.837143,0.676975,-18.218,-21.205,79.418,REJECTED,CONSERVATIVE_EDGE_BELOW_1_5;CONSERVATIVE_EV_BELOW_1_5,,,,,false,ALT_SHADOW_REJECTED,full_game,
MLB,MLB,e88e813157c3cc8b6fc6ba7b14140ce20f3397d8,2026-08-15T02:10:00+00:00,MIL @ LAD,TOTAL,TEAM_PROP,RUNS,LAD RUNS UNDER 7.5,UNDER,LAD,,,5af8527a71d02c1fde324d713dc73236efcbb64a,7868f61c8e86dd5119f56032e407fc13a2ebc0e0,7.5,DraftKings,-800,1.125,0.88889,100.0,100.0,,0.857143,0.700218,-18.867,-21.225,82.013,REJECTED,CONSERVATIVE_EDGE_BELOW_1_5;CONSERVATIVE_EV_BELOW_1_5,,,,,false,ALT_SHADOW_REJECTED,full_game,2026-08-14T17:48:46.511965-04:00
MLB,MLB,488b3d2d3f8e214c64f3d2f237418aa9f74fbe3b,2026-08-15T01:38:00+00:00,KC @ LAA,TOTAL,TEAM_PROP,RUNS,LAA RUNS UNDER 7.5,UNDER,LAA,,,ae8c7f1e018251cda58ceef38566c607eab3b773,fcadd47e95a8aee4e7d9a1c6cda7c6c0ff27dcb4,7.5,DraftKings,-800,1.125,0.88889,100.0,100.0,,0.857143,0.700218,-18.867,-21.225,82.013,REJECTED,CONSERVATIVE_EDGE_BELOW_1_5;CONSERVATIVE_EV_BELOW_1_5,,,,,false,ALT_SHADOW_REJECTED,full_game,2026-08-14T17:48:46.511965-04:00
MLB,MLB,36ff8623e428995786e706503854ba8fc1c26140,2026-08-15T00:10:00+00:00,SEA @ HOU,TOTAL,TEAM_PROP,RUNS,HOU RUNS UNDER 7.5,UNDER,HOU,,,e4b853203fd31a4c52c5ca864e20edbc1e866a3f,fd89e3d555990b04a3bb7f9c9b1a289593ac6f29,7.5,DraftKings,-800,1.125,0.88889,100.0,100.0,,0.857143,0.700218,-18.867,-21.225,82.013,REJECTED,CONSERVATIVE_EDGE_BELOW_1_5;CONSERVATIVE_EV_BELOW_1_5,,,,,false,ALT_SHADOW_REJECTED,full_game,2026-08-14T17:48:46.511965-04:00
MLB,MLB,36ff8623e428995786e706503854ba8fc1c26140,2026-08-15T00:10:00+00:00,SEA @ HOU,TOTAL,TEAM_PROP,RUNS,SEA RUNS UNDER 7.5,UNDER,SEA,,,6f289ed81a746cadc34a996bc185176558079d49,ae4c36eb2d189845a60b139d42064922e4221119,7.5,Midnite,-800,1.125,0.88889,100.0,100.0,,0.857143,0.700218,-18.867,-21.225,82.013,REJECTED,CONSERVATIVE_EDGE_BELOW_1_5;CONSERVATIVE_EV_BELOW_1_5,,,,,false,ALT_SHADOW_REJECTED,full_game,2026-08-14T17:48:46.511965-04:00
MLB,MLB,36ff8623e428995786e706503854ba8fc1c26140,2026-08-15T00:10:00+00:00,SEA @ HOU,PLAYER_PROP,PLAYER_PROP,SO,Peter Lambert SO OVER 2.5,OVER,HOU,Peter Lambert,,0109dc751e09e258b6c952abd9ec39c0951a9bb7,014f09ec734f48cec243607638711bd2e7f30124,2.5,Midnite,-800,1.125,0.888889,100.0,100.0,100.0,0.857143,0.700218,-18.867,-21.225,82.013,REJECTED,CONSERVATIVE_EDGE_BELOW_1_5;CONSERVATIVE_EV_BELOW_1_5,,,,,false,ALT_SHADOW_REJECTED,full_game,
WNBA,WNBA,2c0472374a8431b56a1ef85fed8792259c12cbb5,2026-08-15T02:00:00+00:00,PDX @ SEA,SPREAD,GAMELINE,SPREAD,PDX +15.5,AWAY,PDX,,,26b606d2a0c171236c149b78fc1e026c6914c49d,92fb6acfd62d36e638d37ef21d2b626cec98d727,15.5,Fanatics,-800,1.125,0.88889,100.0,100.0,,0.857143,0.700218,-18.867,-21.225,82.013,REJECTED,CONSERVATIVE_EDGE_BELOW_1_5;CONSERVATIVE_EV_BELOW_1_5,,,,,false,ALT_SHADOW_REJECTED,full_game,2026-08-14T17:52:13.851220-04:00
WNBA,WNBA,ce28e39e53f06c32668c3d703ee9067eed9ba577,2026-08-14T23:30:00+00:00,DAL @ IND,SPREAD,GAMELINE,SPREAD,DAL +21.5,AWAY,DAL,,,69cbdd05c51aa1af4414d4627da4919ef384b30b,9e1b754d7848411ae9c42e7d06dbae30196b3603,21.5,DraftKings,-810,1.1235,0.89011,100.0,100.0,,0.857143,0.700218,-18.989,-21.33,82.013,REJECTED,CONSERVATIVE_EDGE_BELOW_1_5;CONSERVATIVE_EV_BELOW_1_5,,,,,false,ALT_SHADOW_REJECTED,full_game,2026-08-14T17:52:13.851220-04:00
MLB,MLB,0ca4cb92aa874e95044a13829b554bd5fb96a8d1,2026-08-14T22:40:00+00:00,CWS @ DET,SPREAD,GAMELINE,SPREAD,DET +3,HOME,DET,,,1f8117721bac3b567064cdbcf1ca8e27213df38c,af1ec6694f6379693e05c0552cc8ac7111168ed3,3.0,DraftKings,-640,1.1562,0.86486,100.0,100.0,,0.846154,0.680406,-18.445,-21.331,80.824,REJECTED,CONSERVATIVE_EDGE_BELOW_1_5;CONSERVATIVE_EV_BELOW_1_5,,,,,false,ALT_SHADOW_REJECTED,full_game,2026-08-14T17:48:46.511965-04:00
MLB,MLB,8a105b91f1d12e353b0236f2f946c271af63c996,2026-08-14T23:15:00+00:00,NYY @ TOR,TOTAL,TEAM_PROP,RUNS,NYY RUNS UNDER 5.5,UNDER,NYY,,,ef490adcb10f27154bea5a26c70119e579b118b4,d64eea6428de58684dad0d696ed9c7b6cf2e0899,5.5,DraftKings,-225,1.4444,0.69231,80.0,80.0,,0.714286,0.543686,-14.862,-21.47,64.621,REJECTED,CONSERVATIVE_EDGE_BELOW_1_5;CONSERVATIVE_EV_BELOW_1_5,,,,,false,ALT_SHADOW_REJECTED,full_game,2026-08-14T17:48:46.511965-04:00
MLB,MLB,7fcdba132025d708ccb897487bbdf70ae514ed86,2026-08-14T23:10:00+00:00,SD @ CLE,TOTAL,TEAM_PROP,RUNS,CLE RUNS OVER 2.5,OVER,CLE,,,48575e5fb5f5fddba0ed2cb839cbd4bc5c3d2796,9cd0edbfa7f67b23bd262d5a4ce0029f58845ede,2.5,DraftKings,-225,1.4444,0.69231,80.0,80.0,,0.714286,0.543686,-14.862,-21.47,64.621,REJECTED,CONSERVATIVE_EDGE_BELOW_1_5;CONSERVATIVE_EV_BELOW_1_5,,,,,false,ALT_SHADOW_REJECTED,full_game,2026-08-14T17:48:46.511965-04:00
MLB,MLB,488b3d2d3f8e214c64f3d2f237418aa9f74fbe3b,2026-08-15T01:38:00+00:00,KC @ LAA,TOTAL,TEAM_PROP,RUNS,KC RUNS UNDER 5.5,UNDER,KC,,,232c17e6a06300b43d10abf38ea368bb037893a2,e6da385311ec1c38db4cb82531effb7119688f24,5.5,Midnite,-225,1.4444,0.69231,80.0,80.0,,0.714286,0.543686,-14.862,-21.47,64.621,REJECTED,CONSERVATIVE_EDGE_BELOW_1_5;CONSERVATIVE_EV_BELOW_1_5,,,,,false,ALT_SHADOW_REJECTED,full_game,2026-08-14T17:48:46.511965-04:00
MLB,MLB,e88e813157c3cc8b6fc6ba7b14140ce20f3397d8,2026-08-15T02:10:00+00:00,MIL @ LAD,SPREAD,GAMELINE,SPREAD,MIL +3.5,AWAY,MIL,,,f94d099e63f4a716463b46fd30e8804f3e71372f,bc6829d47a8723931d741b35274cf9eb3b0bd813,3.5,Fanatics,-375,1.2667,0.78947,80.0,90.0,,0.785714,0.619416,-17.005,-21.539,70.665,REJECTED,CONSERVATIVE_EDGE_BELOW_1_5;CONSERVATIVE_EV_BELOW_1_5,,,,,false,ALT_SHADOW_REJECTED,full_game,2026-08-14T17:48:46.511965-04:00
WNBA,WNBA,ce28e39e53f06c32668c3d703ee9067eed9ba577,2026-08-14T23:30:00+00:00,DAL @ IND,SPREAD,GAMELINE,SPREAD,DAL +17,AWAY,DAL,,,69cbdd05c51aa1af4414d4627da4919ef384b30b,dcc2b486032f0d5cc13d7f4c9f9648323763ce84,17.0,Fanatics,-375,1.2667,0.78947,80.0,90.0,,0.785714,0.619416,-17.005,-21.539,70.665,REJECTED,CONSERVATIVE_EDGE_BELOW_1_5;CONSERVATIVE_EV_BELOW_1_5,,,,,false,ALT_SHADOW_REJECTED,full_game,2026-08-14T17:52:13.851220-04:00
WNBA,WNBA,ce28e39e53f06c32668c3d703ee9067eed9ba577,2026-08-14T23:30:00+00:00,DAL @ IND,SPREAD,GAMELINE,SPREAD,DAL +17.5,AWAY,DAL,,,69cbdd05c51aa1af4414d4627da4919ef384b30b,467f12907eef59c29faf69b78a54da87318e19db,17.5,Hard Rock,-375,1.2667,0.78947,80.0,90.0,,0.785714,0.619416,-17.005,-21.539,70.665,REJECTED,CONSERVATIVE_EDGE_BELOW_1_5;CONSERVATIVE_EV_BELOW_1_5,,,,,false,ALT_SHADOW_REJECTED,full_game,2026-08-14T17:52:13.851220-04:00
MLB,MLB,7fcdba132025d708ccb897487bbdf70ae514ed86,2026-08-14T23:10:00+00:00,SD @ CLE,TOTAL,GAMELINE,TOTAL,SD @ CLE TOTAL OVER 4.5,OVER,,,,bb86cc43ce056df7292c2986f9331e0add074a21,a0b022c1a2adda81424e99c465e10c6702d7688f,4.5,Fanatics,-375,1.2667,0.78947,80.0,90.0,,0.785714,0.619416,-17.005,-21.539,70.665,REJECTED,CONSERVATIVE_EDGE_BELOW_1_5;CONSERVATIVE_EV_BELOW_1_5,,,,,false,ALT_SHADOW_REJECTED,full_game,2026-08-14T17:48:46.511965-04:00
MLB,MLB,6db6568d134f5df21219209469036a5e0afb6764,2026-08-14T23:10:00+00:00,BAL @ TB,PLAYER_PROP,PLAYER_PROP,2B,Junior Caminero 2B UNDER 0.5,UNDER,TB,Junior Caminero,,7c494cda55f2823824a89b0e1e7e3b80f032060c,c980d17482143b3be6dc490ebe8bae7e67f6f19f,0.5,DraftKings,-570,1.175439,0.850746,100.0,100.0,88.0,0.827143,0.665548,-18.52,-21.769,78.133,REJECTED,CONSERVATIVE_EDGE_BELOW_1_5;CONSERVATIVE_EV_BELOW_1_5,,,,,false,ALT_SHADOW_REJECTED,full_game,
WNBA,WNBA,ce28e39e53f06c32668c3d703ee9067eed9ba577,2026-08-14T23:30:00+00:00,DAL @ IND,PLAYER_PROP,PLAYER_PROP,PTS,Azzi Fudd PTS OVER 7.5,OVER,DAL,Azzi Fudd,,8690f564ff70f10bc529e223b3ba5f15ab2bce0f,60f1c52427f91f8e94480c1d0412067363aa48f0,7.5,Midnite,-500,1.2,0.833333,100.0,100.0,83.0,0.814643,0.651431,-18.19,-21.828,76.536,REJECTED,CONSERVATIVE_EDGE_BELOW_1_5;CONSERVATIVE_EV_BELOW_1_5,,,,,false,ALT_SHADOW_REJECTED,full_game,
WNBA,WNBA,2c0472374a8431b56a1ef85fed8792259c12cbb5,2026-08-15T02:00:00+00:00,PDX @ SEA,SPREAD,GAMELINE,SPREAD,PDX +8.5,AWAY,PDX,,,26b606d2a0c171236c149b78fc1e026c6914c49d,40ce56150a56dc93f064ede25a13df2cabdade57,8.5,DraftKings,-230,1.4348,0.69697,80.0,80.0,,0.714286,0.543686,-15.328,-21.992,64.621,REJECTED,CONSERVATIVE_EDGE_BELOW_1_5;CONSERVATIVE_EV_BELOW_1_5,,,,,false,ALT_SHADOW_REJECTED,full_game,2026-08-14T17:52:13.851220-04:00
MLB,MLB,f0ccaafc838af31a96ed2832f49e52f61c23b38f,2026-08-14T23:10:00+00:00,WSH @ NYM,PLAYER_PROP,PLAYER_PROP,2B,Nasim Nuñez 2B UNDER 0.5,UNDER,WSH,Nasim Nuñez,,9131d77dc42cc903234adc40b5c1a6fc284cd67f,b412d91690d6425e553e8f39c024373f9f3df110,0.5,DraftKings,-760,1.131579,0.883721,100.0,100.0,96.0,0.847143,0.688529,-19.519,-22.088,80.712,REJECTED,CONSERVATIVE_EDGE_BELOW_1_5;CONSERVATIVE_EV_BELOW_1_5,,,,,false,ALT_SHADOW_REJECTED,full_game,
WNBA,WNBA,ce28e39e53f06c32668c3d703ee9067eed9ba577,2026-08-14T23:30:00+00:00,DAL @ IND,SPREAD,GAMELINE,SPREAD,DAL +22.5,AWAY,DAL,,,69cbdd05c51aa1af4414d4627da4919ef384b30b,27a183295d4c04703d64fb44dbfb5ae575e77da8,22.5,DraftKings,-920,1.1087,0.90196,100.0,100.0,,0.857143,0.700218,-20.174,-22.367,82.013,REJECTED,CONSERVATIVE_EDGE_BELOW_1_5;CONSERVATIVE_EV_BELOW_1_5,,,,,false,ALT_SHADOW_REJECTED,full_game,2026-08-14T17:52:13.851220-04:00
MLB,MLB,0ca4cb92aa874e95044a13829b554bd5fb96a8d1,2026-08-14T22:40:00+00:00,CWS @ DET,PLAYER_PROP,PLAYER_PROP,2B,Gleyber Torres 2B UNDER 0.5,UNDER,DET,Gleyber Torres,,60e2299cd1a410ad4728ee88482bb64ccd679d51,6263b6dc452b9b741941237ae04cf961ee7b1339,0.5,DraftKings,-594,1.16835,0.855908,100.0,100.0,87.0,0.824643,0.66271,-19.32,-22.572,77.813,REJECTED,CONSERVATIVE_EDGE_BELOW_1_5;CONSERVATIVE_EV_BELOW_1_5,,,,,false,ALT_SHADOW_REJECTED,full_game,
MLB,MLB,488b3d2d3f8e214c64f3d2f237418aa9f74fbe3b,2026-08-15T01:38:00+00:00,KC @ LAA,TOTAL,TEAM_PROP,RUNS,KC RUNS UNDER 6.5,UNDER,KC,,,232c17e6a06300b43d10abf38ea368bb037893a2,d2ae9f5fca9d614d4aba7c13c83d5a0b0c6fcd23,6.5,Hard Rock,-400,1.25,0.8,100.0,90.0,,0.785714,0.619416,-18.058,-22.573,73.165,REJECTED,CONSERVATIVE_EDGE_BELOW_1_5;CONSERVATIVE_EV_BELOW_1_5,,,,,false,ALT_SHADOW_REJECTED,full_game,2026-08-14T17:48:46.511965-04:00
WNBA,WNBA,2c0472374a8431b56a1ef85fed8792259c12cbb5,2026-08-15T02:00:00+00:00,PDX @ SEA,SPREAD,GAMELINE,SPREAD,PDX +16.5,AWAY,PDX,,,26b606d2a0c171236c149b78fc1e026c6914c49d,89c2863521a3c54090b2997e7f5d1ed384c5a138,16.5,DraftKings,-950,1.1053,0.90476,100.0,100.0,,0.857143,0.700218,-20.454,-22.605,82.013,REJECTED,CONSERVATIVE_EDGE_BELOW_1_5;CONSERVATIVE_EV_BELOW_1_5,,,,,false,ALT_SHADOW_REJECTED,full_game,2026-08-14T17:52:13.851220-04:00
MLB,MLB,2889bff916cde60cbaab35f182f0068192b7dd44,2026-08-14T23:15:00+00:00,ARI @ ATL,SPREAD,GAMELINE,SPREAD,ATL +3.5,HOME,ATL,,,56a1e392599827425add36b976a5c0e3b8055b26,cd1973c130653ae005acc115cc1b3d18a5841d42,3.5,Fanatics,-950,1.1053,0.90476,100.0,100.0,,0.857143,0.700218,-20.454,-22.605,82.013,REJECTED,CONSERVATIVE_EDGE_BELOW_1_5;CONSERVATIVE_EV_BELOW_1_5,,,,,false,ALT_SHADOW_REJECTED,full_game,2026-08-14T17:48:46.511965-04:00
MLB,MLB,488b3d2d3f8e214c64f3d2f237418aa9f74fbe3b,2026-08-15T01:38:00+00:00,KC @ LAA,PLAYER_PROP,PLAYER_PROP,ER,Grayson Rodriguez ER OVER 0.5,OVER,LAA,Grayson Rodriguez,,ebfa6e26cdff6d1a4a7d36d684441b657a5e0bf3,b218c6a8532ba1966161771c92fdec751c3de721,0.5,Hard Rock,-950,1.105263,0.904762,100.0,100.0,100.0,0.857143,0.700218,-20.454,-22.607,82.013,REJECTED,CONSERVATIVE_EDGE_BELOW_1_5;CONSERVATIVE_EV_BELOW_1_5,,,,,false,ALT_SHADOW_REJECTED,full_game,
MLB,MLB,0ca4cb92aa874e95044a13829b554bd5fb96a8d1,2026-08-14T22:40:00+00:00,CWS @ DET,PLAYER_PROP,PLAYER_PROP,2B,Max Clark 2B UNDER 0.5,UNDER,DET,Max Clark,,aa20b407c457fabde3a5062e48c7aeea3ee36675,e76b9163b11402035a0b5ab69a19a60860741594,0.5,Hard Rock,-700,1.142857,0.875,100.0,100.0,92.0,0.837143,0.676975,-19.803,-22.631,79.418,REJECTED,CONSERVATIVE_EDGE_BELOW_1_5;CONSERVATIVE_EV_BELOW_1_5,,,,,false,ALT_SHADOW_REJECTED,full_game,
MLB,MLB,aa778db9a68c2bad59ee411b142bb38274926a31,2026-08-15T01:40:00+00:00,TEX @ ATH,PLAYER_PROP,PLAYER_PROP,2B,Lawrence Butler 2B UNDER 0.5,UNDER,ATH,Lawrence Butler,,02f611f530c97ca6b17796f960c6f237d08b720d,62def25e0a379cc60fd6305bfdef0ebd486a7603,0.5,Hard Rock,-600,1.166667,0.857143,100.0,100.0,87.0,0.824643,0.66271,-19.443,-22.684,77.813,REJECTED,CONSERVATIVE_EDGE_BELOW_1_5;CONSERVATIVE_EV_BELOW_1_5,,,,,false,ALT_SHADOW_REJECTED,full_game,
MLB,MLB,7fcdba132025d708ccb897487bbdf70ae514ed86,2026-08-14T23:10:00+00:00,SD @ CLE,PLAYER_PROP,PLAYER_PROP,2B,Steven Kwan 2B UNDER 0.5,UNDER,CLE,Steven Kwan,,53ca9e990da9e070d83eb9c6fc07e62b367b5e4f,b4428b5138fd94df83e22992ebe738de6e3e9ed2,0.5,Hard Rock,-600,1.166667,0.857143,100.0,100.0,87.0,0.824643,0.66271,-19.443,-22.684,77.813,REJECTED,CONSERVATIVE_EDGE_BELOW_1_5;CONSERVATIVE_EV_BELOW_1_5,,,,,false,ALT_SHADOW_REJECTED,full_game,
MLB,MLB,0a0695b5ceedd8e03ad7fc7168e13abaaa63c4c4,2026-08-15T02:15:00+00:00,COL @ SF,PLAYER_PROP,PLAYER_PROP,ER,Kyle Freeland ER OVER 0.5,OVER,COL,Kyle Freeland,,6762306591243bc913118c7e3f8d26c5d5999b88,d6b672462b97d9bb3c2cb92ef3cd22e45aca1910,0.5,Hard Rock,-800,1.125,0.888889,100.0,100.0,95.0,0.844643,0.685628,-20.326,-22.867,80.388,REJECTED,CONSERVATIVE_EDGE_BELOW_1_5;CONSERVATIVE_EV_BELOW_1_5,,,,,false,ALT_SHADOW_REJECTED,full_game,
MLB,MLB,2c5d4a3cdd2afb7caff13b8a2fdb0368eb059acc,2026-08-14T22:10:00+00:00,MIA @ CIN,PLAYER_PROP,PLAYER_PROP,2B,Elly De La Cruz 2B UNDER 0.5,UNDER,CIN,Elly De La Cruz,,5c97c79cec946bc86fd083eb69988b1bfbfafee4,47f0d134823e4fae821727adf1cd94b66edd4d81,0.5,Hard Rock,-575,1.173913,0.851852,100.0,100.0,85.0,0.819643,0.657056,-19.48,-22.867,77.173,REJECTED,CONSERVATIVE_EDGE_BELOW_1_5;CONSERVATIVE_EV_BELOW_1_5,,,,,false,ALT_SHADOW_REJECTED,full_game,
MLB,MLB,0ca4cb92aa874e95044a13829b554bd5fb96a8d1,2026-08-14T22:40:00+00:00,CWS @ DET,PLAYER_PROP,PLAYER_PROP,2B,Braden Montgomery 2B UNDER 0.5,UNDER,CWS,Braden Montgomery,,0d6da19c26b3640e8a62c2d3fdb3c608c66e4c61,264739e13fc7205f25930b077c78f5215c49c8f9,0.5,Hard Rock,-575,1.173913,0.851852,100.0,100.0,85.0,0.819643,0.657056,-19.48,-22.867,77.173,REJECTED,CONSERVATIVE_EDGE_BELOW_1_5;CONSERVATIVE_EV_BELOW_1_5,,,,,false,ALT_SHADOW_REJECTED,full_game,
MLB,MLB,aa778db9a68c2bad59ee411b142bb38274926a31,2026-08-15T01:40:00+00:00,TEX @ ATH,TOTAL,TEAM_PROP,RUNS,ATH RUNS UNDER 8.5,UNDER,ATH,,,c8e98b7b8a7d4148b61c22ed8ca59afbfa6bb6e1,9d9fa0ff6c74086b82df55ad3661b2234b44a919,8.5,DraftKings,-1000,1.1,0.90909,100.0,100.0,,0.857143,0.700218,-20.887,-22.976,82.013,REJECTED,CONSERVATIVE_EDGE_BELOW_1_5;CONSERVATIVE_EV_BELOW_1_5,,,,,false,ALT_SHADOW_REJECTED,full_game,2026-08-14T17:48:46.511965-04:00
MLB,MLB,2889bff916cde60cbaab35f182f0068192b7dd44,2026-08-14T23:15:00+00:00,ARI @ ATL,TOTAL,TEAM_PROP,TOTAL,ATL TOTAL OVER 1.5,OVER,ATL,,,9da247bf8dc5946da70a29f3a5f82db01a5d7d8d,5cf8c7ffb44442f99775d420fd0ec7b1090933c3,1.5,betmgm,-1000.0,1.1,0.90909,,100.0,,0.857143,0.700218,-20.887,-22.976,82.013,REJECTED,CONSERVATIVE_EDGE_BELOW_1_5;CONSERVATIVE_EV_BELOW_1_5,,,,,false,ALT_SHADOW_REJECTED,full_game,2026-08-14T17:48:46.511965-04:00
MLB,MLB,0ca4cb92aa874e95044a13829b554bd5fb96a8d1,2026-08-14T22:40:00+00:00,CWS @ DET,SPREAD,GAMELINE,SPREAD,DET +4.5,HOME,DET,,,1f8117721bac3b567064cdbcf1ca8e27213df38c,01c682c790c6d624455489755990b0e0a869b62f,4.5,Midnite,-1000,1.1,0.90909,100.0,100.0,,0.857143,0.700218,-20.887,-22.976,82.013,REJECTED,CONSERVATIVE_EDGE_BELOW_1_5;CONSERVATIVE_EV_BELOW_1_5,,,,,false,ALT_SHADOW_REJECTED,full_game,2026-08-14T17:48:46.511965-04:00
MLB,MLB,0a0695b5ceedd8e03ad7fc7168e13abaaa63c4c4,2026-08-15T02:15:00+00:00,COL @ SF,TOTAL,TEAM_PROP,RUNS,SF RUNS UNDER 7.5,UNDER,SF,,,16b3df35d70972486adcb556480c9791d0ec1abf,3b883f8f8f5709b274aeb1683cefb10a421565d9,7.5,DraftKings,-1000,1.1,0.90909,100.0,100.0,,0.857143,0.700218,-20.887,-22.976,82.013,REJECTED,CONSERVATIVE_EDGE_BELOW_1_5;CONSERVATIVE_EV_BELOW_1_5,,,,,false,ALT_SHADOW_REJECTED,full_game,2026-08-14T17:48:46.511965-04:00
MLB,MLB,e88e813157c3cc8b6fc6ba7b14140ce20f3397d8,2026-08-15T02:10:00+00:00,MIL @ LAD,TOTAL,TEAM_PROP,RUNS,LAD RUNS UNDER 5.5,UNDER,LAD,,,5af8527a71d02c1fde324d713dc73236efcbb64a,1041cdd20ccc1891f6f954cc5b8db3d8555e7916,5.5,DraftKings,-240,1.4167,0.70588,80.0,80.0,,0.714286,0.543686,-16.219,-22.976,64.621,REJECTED,CONSERVATIVE_EDGE_BELOW_1_5;CONSERVATIVE_EV_BELOW_1_5,,,,,false,ALT_SHADOW_REJECTED,full_game,2026-08-14T17:48:46.511965-04:00
MLB,MLB,6db6568d134f5df21219209469036a5e0afb6764,2026-08-14T23:10:00+00:00,BAL @ TB,SPREAD,GAMELINE,SPREAD,TB +2,HOME,TB,,,9ab5071dfae75d08fbe76eb8985a00ec2f42e0e7,8fa08ca6bc8f44cd1e12da7b21dcc2abfbae2da7,2.0,DraftKings,-414,1.2415,0.80545,100.0,90.0,,0.785714,0.619416,-18.603,-23.1,73.165,REJECTED,CONSERVATIVE_EDGE_BELOW_1_5;CONSERVATIVE_EV_BELOW_1_5,,,,,false,ALT_SHADOW_REJECTED,full_game,2026-08-14T17:48:46.511965-04:00
MLB,MLB,8a105b91f1d12e353b0236f2f946c271af63c996,2026-08-14T23:15:00+00:00,NYY @ TOR,PLAYER_PROP,PLAYER_PROP,2B,Alejandro Kirk 2B UNDER 0.5,UNDER,TOR,Alejandro Kirk,,e5638b0a6f43efefc2549d09d4061898979ac506,7161fc89900cfd613b11e01b0d2355aafa5105b5,0.5,DraftKings,-690,1.144928,0.873418,100.0,100.0,90.0,0.832143,0.671246,-20.217,-23.147,78.775,REJECTED,CONSERVATIVE_EDGE_BELOW_1_5;CONSERVATIVE_EV_BELOW_1_5,,,,,false,ALT_SHADOW_REJECTED,full_game,
MLB,MLB,488b3d2d3f8e214c64f3d2f237418aa9f74fbe3b,2026-08-15T01:38:00+00:00,KC @ LAA,PLAYER_PROP,PLAYER_PROP,ER,Seth Lugo ER OVER 0.5,OVER,KC,Seth Lugo,,dc209848c641b5dea07aef809a26b9268c76b4cf,f2c30e4abc8beafdf8404098e4e40d9f9ae4e7c2,0.5,Hard Rock,-750,1.133333,0.882353,100.0,100.0,92.0,0.837143,0.676975,-20.538,-23.276,79.418,REJECTED,CONSERVATIVE_EDGE_BELOW_1_5;CONSERVATIVE_EV_BELOW_1_5,,,,,false,ALT_SHADOW_REJECTED,full_game,
MLB,MLB,8a105b91f1d12e353b0236f2f946c271af63c996,2026-08-14T23:15:00+00:00,NYY @ TOR,PLAYER_PROP,PLAYER_PROP,2B,Nathan Lukes 2B UNDER 0.5,UNDER,TOR,Nathan Lukes,,c2f45754ee6b135f8af7b9fb991c91af09c28040,bfd0f7be980a034b2a2972a8a1da4e081e5bfd72,0.5,Hard Rock,-700,1.142857,0.875,100.0,100.0,90.0,0.832143,0.671246,-20.375,-23.286,78.775,REJECTED,CONSERVATIVE_EDGE_BELOW_1_5;CONSERVATIVE_EV_BELOW_1_5,,,,,false,ALT_SHADOW_REJECTED,full_game,
MLB,MLB,e88e813157c3cc8b6fc6ba7b14140ce20f3397d8,2026-08-15T02:10:00+00:00,MIL @ LAD,PLAYER_PROP,PLAYER_PROP,2B,Tommy Edman 2B UNDER 0.5,UNDER,LAD,Tommy Edman,,70237c2f6ba3d95c1dbf93fb6d2d7c25c977f28f,65c154fc8c7808af73ee9e04b2ea47a0ee3533b5,0.5,Hard Rock,-600,1.166667,0.857143,100.0,100.0,85.0,0.819643,0.657056,-20.009,-23.343,77.173,REJECTED,CONSERVATIVE_EDGE_BELOW_1_5;CONSERVATIVE_EV_BELOW_1_5,,,,,false,ALT_SHADOW_REJECTED,full_game,
MLB,MLB,f0ccaafc838af31a96ed2832f49e52f61c23b38f,2026-08-14T23:10:00+00:00,WSH @ NYM,TOTAL,GAMELINE,TOTAL,WSH @ NYM TOTAL OVER 6.5,OVER,,,,e5b249e95c9b178083c1ddb167199f8a3d177444,6d13d64ca2a81e0ef44f1d8aeb677521035984e6,6.5,Novig,-245,1.4082,0.71014,80.0,80.0,,0.714286,0.543686,-16.645,-23.438,64.621,REJECTED,CONSERVATIVE_EDGE_BELOW_1_5;CONSERVATIVE_EV_BELOW_1_5,,,,,false,ALT_SHADOW_REJECTED,full_game,2026-08-14T17:48:46.511965-04:00
WNBA,WNBA,2c0472374a8431b56a1ef85fed8792259c12cbb5,2026-08-15T02:00:00+00:00,PDX @ SEA,TOTAL,GAMELINE,TOTAL,PDX @ SEA TOTAL OVER 171.5,OVER,,,,16b88431d1fc228316527156a32a7938df78417a,8724ec269ca6029907b7a10bbc0cb69d18b573ec,171.5,Fanatics,-245,1.4082,0.71014,80.0,80.0,,0.714286,0.543686,-16.645,-23.438,64.621,REJECTED,CONSERVATIVE_EDGE_BELOW_1_5;CONSERVATIVE_EV_BELOW_1_5,,,,,false,ALT_SHADOW_REJECTED,full_game,2026-08-14T17:52:13.851220-04:00
WNBA,WNBA,2c0472374a8431b56a1ef85fed8792259c12cbb5,2026-08-15T02:00:00+00:00,PDX @ SEA,SPREAD,GAMELINE,SPREAD,PDX +15,AWAY,PDX,,,26b606d2a0c171236c149b78fc1e026c6914c49d,941f00848402f8ce2301505ab0157f8d67efd054,15.0,Fanatics,-800,1.125,0.88889,100.0,100.0,,0.846154,0.680406,-20.848,-23.454,80.824,REJECTED,CONSERVATIVE_EDGE_BELOW_1_5;CONSERVATIVE_EV_BELOW_1_5,,,,,false,ALT_SHADOW_REJECTED,full_game,2026-08-14T17:52:13.851220-04:00
MLB,MLB,ef20c401baa5b5cd51eab647418980093a9acd9a,2026-08-14T22:40:00+00:00,BOS @ PIT,SPREAD,GAMELINE,SPREAD,BOS +2.5,AWAY,BOS,,,c115ec421753a54d5929ca191f83f8c3e3e2e224,b83817600615267260134dce86421b7e5715bfb2,2.5,Fanatics,-425,1.2353,0.80952,100.0,90.0,,0.785714,0.619416,-19.01,-23.484,73.165,REJECTED,CONSERVATIVE_EDGE_BELOW_1_5;CONSERVATIVE_EV_BELOW_1_5,,,,,false,ALT_SHADOW_REJECTED,full_game,2026-08-14T17:48:46.511965-04:00
MLB,MLB,e88e813157c3cc8b6fc6ba7b14140ce20f3397d8,2026-08-15T02:10:00+00:00,MIL @ LAD,TOTAL,GAMELINE,TOTAL,MIL @ LAD TOTAL OVER 5.0,OVER,,,,9b7f34f352096990dab7fafd92c4928db206a02b,6f5e824ddb2b012f64a9847c397ce979ffabc06f,5.0,Fanatics,-425,1.2353,0.80952,80.0,90.0,,0.785714,0.619416,-19.01,-23.484,70.665,REJECTED,CONSERVATIVE_EDGE_BELOW_1_5;CONSERVATIVE_EV_BELOW_1_5,,,,,false,ALT_SHADOW_REJECTED,full_game,2026-08-14T17:48:46.511965-04:00
MLB,MLB,488b3d2d3f8e214c64f3d2f237418aa9f74fbe3b,2026-08-15T01:38:00+00:00,KC @ LAA,TOTAL,GAMELINE,TOTAL,KC @ LAA TOTAL UNDER 12.0,UNDER,,,,0f763b495f66a6a56471fd466c6339749a41668e,221242feea91ee55e1c30739061c3c69b6d11058,12.0,Fanatics,-425,1.2353,0.80952,80.0,90.0,,0.785714,0.619416,-19.01,-23.484,70.665,REJECTED,CONSERVATIVE_EDGE_BELOW_1_5;CONSERVATIVE_EV_BELOW_1_5,,,,,false,ALT_SHADOW_REJECTED,full_game,2026-08-14T17:48:46.511965-04:00
MLB,MLB,aa778db9a68c2bad59ee411b142bb38274926a31,2026-08-15T01:40:00+00:00,TEX @ ATH,PLAYER_PROP,PLAYER_PROP,2B,Justin Foscue 2B UNDER 0.5,UNDER,TEX,Justin Foscue,,82e48f7be95719f69b1fda01d7faa1e975a05f8e,be68c66818772219f2e1968fda00ead6ddaffb7a,0.5,DraftKings,-670,1.149254,0.87013,100.0,100.0,88.0,0.827143,0.665548,-20.458,-23.512,78.133,REJECTED,CONSERVATIVE_EDGE_BELOW_1_5;CONSERVATIVE_EV_BELOW_1_5,,,,,false,ALT_SHADOW_REJECTED,full_game,
MLB,MLB,ef20c401baa5b5cd51eab647418980093a9acd9a,2026-08-14T22:40:00+00:00,BOS @ PIT,PLAYER_PROP,PLAYER_PROP,2B,Henry Davis 2B UNDER 0.5,UNDER,PIT,Henry Davis,,3bb7e95e9c36886621b8c3cb8c43957deb5a0130,5d532a4284c0885aa7818d9b73c2d319474ab432,0.5,Hard Rock,-800,1.125,0.888889,100.0,100.0,93.0,0.839643,0.679851,-20.904,-23.517,79.741,REJECTED,CONSERVATIVE_EDGE_BELOW_1_5;CONSERVATIVE_EV_BELOW_1_5,,,,,false,ALT_SHADOW_REJECTED,full_game,
MLB,MLB,e88e813157c3cc8b6fc6ba7b14140ce20f3397d8,2026-08-15T02:10:00+00:00,MIL @ LAD,PLAYER_PROP,PLAYER_PROP,2B,Teoscar Hernández 2B UNDER 0.5,UNDER,LAD,Teoscar Hernández,,fa07eea25393830c832657ebcc8a13fb33c7a91c,103d18a249998e953105e1e2694073af7b50a39d,0.5,Hard Rock,-650,1.153846,0.866667,100.0,100.0,87.0,0.824643,0.66271,-20.396,-23.534,77.813,REJECTED,CONSERVATIVE_EDGE_BELOW_1_5;CONSERVATIVE_EV_BELOW_1_5,,,,,false,ALT_SHADOW_REJECTED,full_game,
MLB,MLB,36ff8623e428995786e706503854ba8fc1c26140,2026-08-15T00:10:00+00:00,SEA @ HOU,PLAYER_PROP,PLAYER_PROP,2B,Julio Rodríguez 2B UNDER 0.5,UNDER,SEA,Julio Rodríguez,,5e7dae9582af6cbdcb0b8b5a8c0adcb7dac26218,6e43555cad0f9da7ab921c93eb371a0aabc96621,0.5,Hard Rock,-650,1.153846,0.866667,100.0,100.0,87.0,0.824643,0.66271,-20.396,-23.534,77.813,REJECTED,CONSERVATIVE_EDGE_BELOW_1_5;CONSERVATIVE_EV_BELOW_1_5,,,,,false,ALT_SHADOW_REJECTED,full_game,
MLB,MLB,e88e813157c3cc8b6fc6ba7b14140ce20f3397d8,2026-08-15T02:10:00+00:00,MIL @ LAD,TOTAL,TEAM_PROP,TOTAL,MIL TOTAL OVER 0.5,OVER,MIL,,,aafaa7099ebdcd43d5179ccdcb51161e9f79c5a5,fcd3411ebd52ad38cc101c19d0943a4ac77f7cf8,0.5,draftkings,-1100.0,1.0909,0.91667,,100.0,,0.857143,0.700218,-21.645,-23.613,82.013,REJECTED,CONSERVATIVE_EDGE_BELOW_1_5;CONSERVATIVE_EV_BELOW_1_5,,,,,false,ALT_SHADOW_REJECTED,full_game,2026-08-14T17:48:46.511965-04:00
MLB,MLB,488b3d2d3f8e214c64f3d2f237418aa9f74fbe3b,2026-08-15T01:38:00+00:00,KC @ LAA,PLAYER_PROP,PLAYER_PROP,2B,Tyler Heineman 2B UNDER 0.5,UNDER,LAA,Tyler Heineman,,ae623700a2274cec5ede87079662db1f7e7963f9,b0dba6e5fe3552b8aa8c008b57d91ae5226dbe79,0.5,DraftKings,-880,1.113636,0.897959,100.0,100.0,95.0,0.844643,0.685628,-21.233,-23.646,80.388,REJECTED,CONSERVATIVE_EDGE_BELOW_1_5;CONSERVATIVE_EV_BELOW_1_5,,,,,false,ALT_SHADOW_REJECTED,full_game,
MLB,MLB,0a0695b5ceedd8e03ad7fc7168e13abaaa63c4c4,2026-08-15T02:15:00+00:00,COL @ SF,PLAYER_PROP,PLAYER_PROP,2B,Rafael Devers 2B UNDER 0.5,UNDER,SF,Rafael Devers,,856049af4f25690f50c3f573a855198a9885cb9c,1d848ac4b41e6cdb1f8b89ddd088d12c573853dc,0.5,Hard Rock,-550,1.181818,0.846154,100.0,100.0,81.0,0.809643,0.645835,-20.032,-23.674,75.9,REJECTED,CONSERVATIVE_EDGE_BELOW_1_5;CONSERVATIVE_EV_BELOW_1_5,,,,,false,ALT_SHADOW_REJECTED,full_game,
MLB,MLB,2889bff916cde60cbaab35f182f0068192b7dd44,2026-08-14T23:15:00+00:00,ARI @ ATL,SPREAD,GAMELINE,SPREAD,ARI +5,AWAY,ARI,,,56a1e392599827425add36b976a5c0e3b8055b26,a61f634a920d0d99d27ff426b40a90898de388ab,5.0,DraftKings,-830,1.1205,0.89247,100.0,100.0,,0.846154,0.680406,-21.206,-23.761,80.824,REJECTED,CONSERVATIVE_EDGE_BELOW_1_5;CONSERVATIVE_EV_BELOW_1_5,,,,,false,ALT_SHADOW_REJECTED,full_game,2026-08-14T17:48:46.511965-04:00
MLB,MLB,aa778db9a68c2bad59ee411b142bb38274926a31,2026-08-15T01:40:00+00:00,TEX @ ATH,PLAYER_PROP,PLAYER_PROP,2B,Nicky Lopez 2B UNDER 0.5,UNDER,TEX,Nicky Lopez,,38a54fbedaf64b15ca44000ce8e88d8fe87f37e7,15dfdb1a757b3dd7410e9fd865866e649bbb1e59,0.5,DraftKings,-910,1.10989,0.90099,100.0,100.0,95.0,0.844643,0.685628,-21.536,-23.903,80.388,REJECTED,CONSERVATIVE_EDGE_BELOW_1_5;CONSERVATIVE_EV_BELOW_1_5,,,,,false,ALT_SHADOW_REJECTED,full_game,
MLB,MLB,7fcdba132025d708ccb897487bbdf70ae514ed86,2026-08-14T23:10:00+00:00,SD @ CLE,PLAYER_PROP,PLAYER_PROP,2B,Petey Halpin 2B UNDER 0.5,UNDER,CLE,Petey Halpin,,abd65041a7cabed3d671666fe12bc76f18c0858f,9f6f7b4b11848ac4d87e2aac7cec51d40a73f40f,0.5,Hard Rock,-750,1.133333,0.882353,100.0,100.0,90.0,0.832143,0.671246,-21.111,-23.926,78.775,REJECTED,CONSERVATIVE_EDGE_BELOW_1_5;CONSERVATIVE_EV_BELOW_1_5,,,,,false,ALT_SHADOW_REJECTED,full_game,
MLB,MLB,f0ccaafc838af31a96ed2832f49e52f61c23b38f,2026-08-14T23:10:00+00:00,WSH @ NYM,PLAYER_PROP,PLAYER_PROP,ER,Andrew Alvarez ER OVER 0.5,OVER,WSH,Andrew Alvarez,,8ecce2b9e1d0706818a344178237118477882f1f,a41e535ff4fdb348783d47128450fc372f96c609,0.5,Hard Rock,-575,1.173913,0.851852,100.0,90.0,100.0,0.810714,0.647032,-20.482,-24.044,76.322,REJECTED,CONSERVATIVE_EDGE_BELOW_1_5;CONSERVATIVE_EV_BELOW_1_5,,,,,false,ALT_SHADOW_REJECTED,full_game,
MLB,MLB,7fcdba132025d708ccb897487bbdf70ae514ed86,2026-08-14T23:10:00+00:00,SD @ CLE,TOTAL,TEAM_PROP,TOTAL,SD TOTAL OVER 0.5,OVER,SD,,,d170bb7f4d8f831450f3c5ee373faafa0f3ef14b,d62dad1fe2f7836938d8978a315114f03cf8797e,0.5,draftkings,-1200.0,1.0833,0.92308,,100.0,,0.857143,0.700218,-22.286,-24.145,82.013,REJECTED,CONSERVATIVE_EDGE_BELOW_1_5;CONSERVATIVE_EV_BELOW_1_5,,,,,false,ALT_SHADOW_REJECTED,full_game,2026-08-14T17:48:46.511965-04:00
MLB,MLB,ef20c401baa5b5cd51eab647418980093a9acd9a,2026-08-14T22:40:00+00:00,BOS @ PIT,PLAYER_PROP,PLAYER_PROP,2B,Esmerlyn Valdez 2B UNDER 0.5,UNDER,PIT,Esmerlyn Valdez,,04e289433004e2a884a9a9d7c21226c56d3811d2,54642754ec61c024201132a8f81a13cc5b265a45,0.5,DraftKings,-630,1.15873,0.863014,100.0,100.0,84.0,0.817143,0.65424,-20.877,-24.191,76.854,REJECTED,CONSERVATIVE_EDGE_BELOW_1_5;CONSERVATIVE_EV_BELOW_1_5,,,,,false,ALT_SHADOW_REJECTED,full_game,
MLB,MLB,6db6568d134f5df21219209469036a5e0afb6764,2026-08-14T23:10:00+00:00,BAL @ TB,PLAYER_PROP,PLAYER_PROP,2B,Tyler O'Neill 2B UNDER 0.5,UNDER,BAL,Tyler O'Neill,,bff070101564af9576a06e52d726dc66dd8d2c71,6ff61007cf3ccec5f6bc2649fe37694867668847,0.5,Hard Rock,-700,1.142857,0.875,100.0,100.0,87.0,0.824643,0.66271,-21.229,-24.262,77.813,REJECTED,CONSERVATIVE_EDGE_BELOW_1_5;CONSERVATIVE_EV_BELOW_1_5,,,,,false,ALT_SHADOW_REJECTED,full_game,
MLB,MLB,e88e813157c3cc8b6fc6ba7b14140ce20f3397d8,2026-08-15T02:10:00+00:00,MIL @ LAD,TOTAL,TEAM_PROP,RUNS,MIL RUNS UNDER 5.5,UNDER,MIL,,,aafaa7099ebdcd43d5179ccdcb51161e9f79c5a5,753d6d2a30a08fdc9d442ea792f5e4a5223da3a7,5.5,Hard Rock,-450,1.2222,0.81818,100.0,90.0,,0.785714,0.619416,-19.876,-24.295,73.165,REJECTED,CONSERVATIVE_EDGE_BELOW_1_5;CONSERVATIVE_EV_BELOW_1_5,,,,,false,ALT_SHADOW_REJECTED,full_game,2026-08-14T17:48:46.511965-04:00
MLB,MLB,6db6568d134f5df21219209469036a5e0afb6764,2026-08-14T23:10:00+00:00,BAL @ TB,SPREAD,GAMELINE,SPREAD,TB +2.5,HOME,TB,,,9ab5071dfae75d08fbe76eb8985a00ec2f42e0e7,8e9d6ca4b763ab4108b2ddfe38ba6f2dadcc837d,2.5,Midnite,-450,1.2222,0.81818,100.0,90.0,,0.785714,0.619416,-19.876,-24.295,73.165,REJECTED,CONSERVATIVE_EDGE_BELOW_1_5;CONSERVATIVE_EV_BELOW_1_5,,,,,false,ALT_SHADOW_REJECTED,full_game,2026-08-14T17:48:46.511965-04:00
WNBA,WNBA,2c0472374a8431b56a1ef85fed8792259c12cbb5,2026-08-15T02:00:00+00:00,PDX @ SEA,TOTAL,TEAM_PROP,POINTS,PDX POINTS OVER 80.5,OVER,PDX,,,b51b8b3913f382b10d00ef9b11e6a9c68801e20b,3f898a8485637909eac06f6ef17b2edd5721fb1e,80.5,Fanatics,-450,1.2222,0.81818,100.0,90.0,,0.785714,0.619416,-19.876,-24.295,73.165,REJECTED,CONSERVATIVE_EDGE_BELOW_1_5;CONSERVATIVE_EV_BELOW_1_5,,,,,false,ALT_SHADOW_REJECTED,full_game,2026-08-14T17:52:13.851220-04:00
MLB,MLB,8a105b91f1d12e353b0236f2f946c271af63c996,2026-08-14T23:15:00+00:00,NYY @ TOR,TOTAL,TEAM_PROP,RUNS,TOR RUNS OVER 1.5,OVER,TOR,,,4d2a1c064fbf8ec3e8b59506e48e532f905a0b69,c57456b822d9fffc3b2ee2d2d0c15f3f6fef7e33,1.5,Hard Rock,-450,1.2222,0.81818,80.0,90.0,,0.785714,0.619416,-19.876,-24.295,70.665,REJECTED,CONSERVATIVE_EDGE_BELOW_1_5;CONSERVATIVE_EV_BELOW_1_5,,,,,false,ALT_SHADOW_REJECTED,full_game,2026-08-14T17:48:46.511965-04:00
MLB,MLB,488b3d2d3f8e214c64f3d2f237418aa9f74fbe3b,2026-08-15T01:38:00+00:00,KC @ LAA,TOTAL,GAMELINE,TOTAL,KC @ LAA TOTAL UNDER 12.5,UNDER,,,,0f763b495f66a6a56471fd466c6339749a41668e,e895f32c45257ad51b191215856650c55d5a1860,12.5,Fanatics,-450,1.2222,0.81818,80.0,90.0,,0.785714,0.619416,-19.876,-24.295,70.665,REJECTED,CONSERVATIVE_EDGE_BELOW_1_5;CONSERVATIVE_EV_BELOW_1_5,,,,,false,ALT_SHADOW_REJECTED,full_game,2026-08-14T17:48:46.511965-04:00
MLB,MLB,2c5d4a3cdd2afb7caff13b8a2fdb0368eb059acc,2026-08-14T22:10:00+00:00,MIA @ CIN,PLAYER_PROP,PLAYER_PROP,2B,Sal Stewart 2B UNDER 0.5,UNDER,CIN,Sal Stewart,,762c19441859d770a888bb30068030e93a1023da,45f332237d9aaf871145519c019c983515ae2400,0.5,DraftKings,-620,1.16129,0.861111,100.0,100.0,83.0,0.814643,0.651431,-20.968,-24.35,76.536,REJECTED,CONSERVATIVE_EDGE_BELOW_1_5;CONSERVATIVE_EV_BELOW_1_5,,,,,false,ALT_SHADOW_REJECTED,full_game,
MLB,MLB,6db6568d134f5df21219209469036a5e0afb6764,2026-08-14T23:10:00+00:00,BAL @ TB,PLAYER_PROP,PLAYER_PROP,2B,Taylor Walls 2B UNDER 0.5,UNDER,TB,Taylor Walls,,95a24a9aa0b728981a68af331058f47412ae8b18,5a900cabeca0c6b7a3f60e02fb199c0e29ccbae6,0.5,Hard Rock,-700,1.142857,0.875,100.0,100.0,86.0,0.822143,0.659879,-21.512,-24.585,77.493,REJECTED,CONSERVATIVE_EDGE_BELOW_1_5;CONSERVATIVE_EV_BELOW_1_5,,,,,false,ALT_SHADOW_REJECTED,full_game,
MLB,MLB,e88e813157c3cc8b6fc6ba7b14140ce20f3397d8,2026-08-15T02:10:00+00:00,MIL @ LAD,PLAYER_PROP,PLAYER_PROP,2B,Kyle Tucker 2B UNDER 0.5,UNDER,LAD,Kyle Tucker,,96983b49f96c11736d98c2fd5d60e00fa1dcbcc5,88b814c6c71e3557b75fd05bb8bfee09997877a9,0.5,DraftKings,-690,1.144928,0.873418,100.0,100.0,85.0,0.819643,0.657056,-21.636,-24.772,77.173,REJECTED,CONSERVATIVE_EDGE_BELOW_1_5;CONSERVATIVE_EV_BELOW_1_5,,,,,false,ALT_SHADOW_REJECTED,full_game,
MLB,MLB,7fcdba132025d708ccb897487bbdf70ae514ed86,2026-08-14T23:10:00+00:00,SD @ CLE,PLAYER_PROP,PLAYER_PROP,2B,Patrick Bailey 2B UNDER 0.5,UNDER,CLE,Patrick Bailey,,8f244f0253928f7fd21ca7ddef0e672a7488a2f4,a070b0312e47515cb57d7d5bd6a537f432ad9779,0.5,DraftKings,-940,1.106383,0.903846,100.0,100.0,93.0,0.839643,0.679851,-22.4,-24.782,79.741,REJECTED,CONSERVATIVE_EDGE_BELOW_1_5;CONSERVATIVE_EV_BELOW_1_5,,,,,false,ALT_SHADOW_REJECTED,full_game,
MLB,MLB,8a105b91f1d12e353b0236f2f946c271af63c996,2026-08-14T23:15:00+00:00,NYY @ TOR,PLAYER_PROP,PLAYER_PROP,2B,Jazz Chisholm Jr. 2B UNDER 0.5,UNDER,NYY,Jazz Chisholm Jr.,,52df2dd57a9fb9593b5964f86fd4429d0ed0297d,8bc7524673db4550de0ac1f4ef2183e848c55cd6,0.5,DraftKings,-750,1.133333,0.882353,100.0,100.0,87.0,0.824643,0.66271,-21.964,-24.893,77.813,REJECTED,CONSERVATIVE_EDGE_BELOW_1_5;CONSERVATIVE_EV_BELOW_1_5,,,,,false,ALT_SHADOW_REJECTED,full_game,
MLB,MLB,ef20c401baa5b5cd51eab647418980093a9acd9a,2026-08-14T22:40:00+00:00,BOS @ PIT,PLAYER_PROP,PLAYER_PROP,2B,Jared Triolo 2B UNDER 0.5,UNDER,PIT,Jared Triolo,,3459ad45ccf3a085d77a5e25e4f5ad9003c667a1,6a895c85f056b6bd981fa25aa3520c6be183d08b,0.5,DraftKings,-700,1.142857,0.875,100.0,100.0,85.0,0.819643,0.657056,-21.794,-24.908,77.173,REJECTED,CONSERVATIVE_EDGE_BELOW_1_5;CONSERVATIVE_EV_BELOW_1_5,,,,,false,ALT_SHADOW_REJECTED,full_game,
MLB,MLB,2889bff916cde60cbaab35f182f0068192b7dd44,2026-08-14T23:15:00+00:00,ARI @ ATL,TOTAL,TEAM_PROP,TOTAL,ARI TOTAL OVER 0.5,OVER,ARI,,,ee6ff4bc373f4f8b6bafa0718d9b60a0759df443,e4a6c6941eb4a172f356551f29f16d676f2ca7a9,0.5,draftkings,-1400.0,1.0714,0.93333,,100.0,,0.857143,0.700218,-23.311,-24.979,82.013,REJECTED,CONSERVATIVE_EDGE_BELOW_1_5;CONSERVATIVE_EV_BELOW_1_5,,,,,false,ALT_SHADOW_REJECTED,full_game,2026-08-14T17:48:46.511965-04:00
WNBA,WNBA,2c0472374a8431b56a1ef85fed8792259c12cbb5,2026-08-15T02:00:00+00:00,PDX @ SEA,TOTAL,GAMELINE,TOTAL,PDX @ SEA TOTAL OVER 165.5,OVER,,,,16b88431d1fc228316527156a32a7938df78417a,8509715cdce3252bc86818c5868f3594b1d41530,165.5,DraftKings,-475,1.2105,0.82609,100.0,90.0,,0.785714,0.619416,-20.667,-25.02,73.165,REJECTED,CONSERVATIVE_EDGE_BELOW_1_5;CONSERVATIVE_EV_BELOW_1_5,,,,,false,ALT_SHADOW_REJECTED,full_game,2026-08-14T17:52:13.851220-04:00
MLB,MLB,2889bff916cde60cbaab35f182f0068192b7dd44,2026-08-14T23:15:00+00:00,ARI @ ATL,SPREAD,GAMELINE,SPREAD,ARI +4.5,AWAY,ARI,,,56a1e392599827425add36b976a5c0e3b8055b26,1103aa1261ba2fa1eed9e2103e5b908f43deda1f,4.5,Fanatics,-475,1.2105,0.82609,100.0,90.0,,0.785714,0.619416,-20.667,-25.02,73.165,REJECTED,CONSERVATIVE_EDGE_BELOW_1_5;CONSERVATIVE_EV_BELOW_1_5,,,,,false,ALT_SHADOW_REJECTED,full_game,2026-08-14T17:48:46.511965-04:00
MLB,MLB,488b3d2d3f8e214c64f3d2f237418aa9f74fbe3b,2026-08-15T01:38:00+00:00,KC @ LAA,TOTAL,TEAM_PROP,RUNS,LAA RUNS UNDER 6.5,UNDER,LAA,,,ae8c7f1e018251cda58ceef38566c607eab3b773,63a17150413b0623ff2004f5925c91443ae4a2ca,6.5,DraftKings,-475,1.2105,0.82609,80.0,90.0,,0.785714,0.619416,-20.667,-25.02,70.665,REJECTED,CONSERVATIVE_EDGE_BELOW_1_5;CONSERVATIVE_EV_BELOW_1_5,,,,,false,ALT_SHADOW_REJECTED,full_game,2026-08-14T17:48:46.511965-04:00
WNBA,WNBA,ce28e39e53f06c32668c3d703ee9067eed9ba577,2026-08-14T23:30:00+00:00,DAL @ IND,PLAYER_PROP,PLAYER_PROP,PTS,Kelsey Mitchell PTS OVER 16.5,OVER,IND,Kelsey Mitchell,,b3aa8b127a78a3e58f323599e6429c7724f8887c,e808ef7d2fb8942d298b21e785909b6ece7a1e0a,16.5,Fanatics,-900,1.111111,0.9,100.0,100.0,91.0,0.834643,0.674106,-22.589,-25.099,79.096,REJECTED,CONSERVATIVE_EDGE_BELOW_1_5;CONSERVATIVE_EV_BELOW_1_5,,,,,false,ALT_SHADOW_REJECTED,full_game,
MLB,MLB,0ca4cb92aa874e95044a13829b554bd5fb96a8d1,2026-08-14T22:40:00+00:00,CWS @ DET,PLAYER_PROP,PLAYER_PROP,2B,Drew Romo 2B UNDER 0.5,UNDER,CWS,Drew Romo,,5804d94512142b5cb4b50b24da5111b7f9e1af7b,880e9ccab23e88d21d65e8bba0a28ad45128f939,0.5,Hard Rock,-900,1.111111,0.9,100.0,100.0,91.0,0.834643,0.674106,-22.589,-25.099,79.096,REJECTED,CONSERVATIVE_EDGE_BELOW_1_5;CONSERVATIVE_EV_BELOW_1_5,,,,,false,ALT_SHADOW_REJECTED,full_game,
WNBA,WNBA,ce28e39e53f06c32668c3d703ee9067eed9ba577,2026-08-14T23:30:00+00:00,DAL @ IND,PLAYER_PROP,PLAYER_PROP,PTS,Aliyah Boston PTS OVER 9.5,OVER,IND,Aliyah Boston,,cce5d05b8a07b2015b240e635c4d4f95243cb6a3,8fc8c62ff6d03b048325ab5317918bc6ea95328a,9.5,Fanatics,-900,1.111111,0.9,100.0,100.0,90.0,0.832143,0.671246,-22.875,-25.417,78.775,REJECTED,CONSERVATIVE_EDGE_BELOW_1_5;CONSERVATIVE_EV_BELOW_1_5,,,,,false,ALT_SHADOW_REJECTED,full_game,
MLB,MLB,ef20c401baa5b5cd51eab647418980093a9acd9a,2026-08-14T22:40:00+00:00,BOS @ PIT,TOTAL,GAMELINE,TOTAL,BOS @ PIT TOTAL OVER 6.0,OVER,,,,a6325d5b0e3c01b6a0499d1aca4203495cc1666b,27ac90d3500bbbf73da14f6e0541f4a70eadb541,6.0,Fanatics,-270,1.3704,0.72973,80.0,80.0,,0.714286,0.543686,-18.604,-25.493,64.621,REJECTED,CONSERVATIVE_EDGE_BELOW_1_5;CONSERVATIVE_EV_BELOW_1_5,,,,,false,ALT_SHADOW_REJECTED,full_game,2026-08-14T17:48:46.511965-04:00
MLB,MLB,2889bff916cde60cbaab35f182f0068192b7dd44,2026-08-14T23:15:00+00:00,ARI @ ATL,TOTAL,GAMELINE,TOTAL,ARI @ ATL TOTAL UNDER 10.5,UNDER,,,,fbb6b1aefd9326073c9866f74f184811844ccc12,bc4fd960ead53f541a5bc48e5eeef12633994db9,10.5,Fanatics,-270,1.3704,0.72973,80.0,80.0,,0.714286,0.543686,-18.604,-25.493,64.621,REJECTED,CONSERVATIVE_EDGE_BELOW_1_5;CONSERVATIVE_EV_BELOW_1_5,,,,,false,ALT_SHADOW_REJECTED,full_game,2026-08-14T17:48:46.511965-04:00
MLB,MLB,36ff8623e428995786e706503854ba8fc1c26140,2026-08-15T00:10:00+00:00,SEA @ HOU,PLAYER_PROP,PLAYER_PROP,2B,Cal Raleigh 2B UNDER 0.5,UNDER,SEA,Cal Raleigh,,3422a1c5588d0ebe6af3463b75f8c856f23d7973,cd6876810f3d58b042cd3db1dfcc7cd8a0fc16d2,0.5,Hard Rock,-1000,1.1,0.909091,100.0,100.0,92.0,0.837143,0.676975,-23.212,-25.533,79.418,REJECTED,CONSERVATIVE_EDGE_BELOW_1_5;CONSERVATIVE_EV_BELOW_1_5,,,,,false,ALT_SHADOW_REJECTED,full_game,
MLB,MLB,36ff8623e428995786e706503854ba8fc1c26140,2026-08-15T00:10:00+00:00,SEA @ HOU,PLAYER_PROP,PLAYER_PROP,2B,Daulton Varsho 2B UNDER 0.5,UNDER,HOU,Daulton Varsho,,c75b27dabf5a0b1cf2e4dbd8f5736194e8ca1511,87060b96a5bc787ac1eb660b80e16ddb79627504,0.5,Hard Rock,-700,1.142857,0.875,100.0,100.0,83.0,0.814643,0.651431,-22.357,-25.551,76.536,REJECTED,CONSERVATIVE_EDGE_BELOW_1_5;CONSERVATIVE_EV_BELOW_1_5,,,,,false,ALT_SHADOW_REJECTED,full_game,
MLB,MLB,e88e813157c3cc8b6fc6ba7b14140ce20f3397d8,2026-08-15T02:10:00+00:00,MIL @ LAD,TOTAL,GAMELINE,TOTAL,MIL @ LAD TOTAL OVER 4.5,OVER,,,,9b7f34f352096990dab7fafd92c4928db206a02b,b4c01b3bdd46ffe333555946fdf87007a13bbd6f,4.5,Fanatics,-500,1.2,0.83333,100.0,90.0,,0.785714,0.619416,-21.391,-25.67,73.165,REJECTED,CONSERVATIVE_EDGE_BELOW_1_5;CONSERVATIVE_EV_BELOW_1_5,,,,,false,ALT_SHADOW_REJECTED,full_game,2026-08-14T17:48:46.511965-04:00
MLB,MLB,7fcdba132025d708ccb897487bbdf70ae514ed86,2026-08-14T23:10:00+00:00,SD @ CLE,TOTAL,TEAM_PROP,TOTAL,CLE TOTAL OVER 1.5,OVER,CLE,,,48575e5fb5f5fddba0ed2cb839cbd4bc5c3d2796,8bc321cb04bb6b94d69bb7be64fe53cb3dab1842,1.5,betmgm,-500.0,1.2,0.83333,,90.0,,0.785714,0.619416,-21.391,-25.67,73.165,REJECTED,CONSERVATIVE_EDGE_BELOW_1_5;CONSERVATIVE_EV_BELOW_1_5,,,,,false,ALT_SHADOW_REJECTED,full_game,2026-08-14T17:48:46.511965-04:00
MLB,MLB,36ff8623e428995786e706503854ba8fc1c26140,2026-08-15T00:10:00+00:00,SEA @ HOU,TOTAL,TEAM_PROP,RUNS,SEA RUNS UNDER 6.5,UNDER,SEA,,,6f289ed81a746cadc34a996bc185176558079d49,b3ccfac33ce1aa70b77126e6a9f5fed41c6047ef,6.5,DraftKings,-500,1.2,0.83333,100.0,90.0,,0.785714,0.619416,-21.391,-25.67,73.165,REJECTED,CONSERVATIVE_EDGE_BELOW_1_5;CONSERVATIVE_EV_BELOW_1_5,,,,,false,ALT_SHADOW_REJECTED,full_game,2026-08-14T17:48:46.511965-04:00
WNBA,WNBA,2c0472374a8431b56a1ef85fed8792259c12cbb5,2026-08-15T02:00:00+00:00,PDX @ SEA,TOTAL,TEAM_PROP,POINTS,SEA POINTS OVER 82.5,OVER,SEA,,,86040774099aa93f53835857f8b0080de5a51309,3817e6289c917393a716a6b17fb1814dc929e679,82.5,Fanatics,-500,1.2,0.83333,100.0,90.0,,0.785714,0.619416,-21.391,-25.67,73.165,REJECTED,CONSERVATIVE_EDGE_BELOW_1_5;CONSERVATIVE_EV_BELOW_1_5,,,,,false,ALT_SHADOW_REJECTED,full_game,2026-08-14T17:52:13.851220-04:00
MLB,MLB,6db6568d134f5df21219209469036a5e0afb6764,2026-08-14T23:10:00+00:00,BAL @ TB,PLAYER_PROP,PLAYER_PROP,2B,Carlos Narváez 2B UNDER 0.5,UNDER,BAL,Carlos Narváez,,e4447e8d2c22aa368b9827c68b40eaead6a84b6c,33598fd84c4d6ce6c05b6bc9a8e188a246f7f15f,0.5,Hard Rock,-950,1.105263,0.904762,100.0,100.0,90.0,0.832143,0.671246,-23.352,-25.81,78.775,REJECTED,CONSERVATIVE_EDGE_BELOW_1_5;CONSERVATIVE_EV_BELOW_1_5,,,,,false,ALT_SHADOW_REJECTED,full_game,
WNBA,WNBA,2c0472374a8431b56a1ef85fed8792259c12cbb5,2026-08-15T02:00:00+00:00,PDX @ SEA,PLAYER_PROP,PLAYER_PROP,AST,Natisha Hiedeman AST OVER 2.5,OVER,SEA,Natisha Hiedeman,,b6ddc0a264dfaf51a4fd0e208d9206e893695285,1759e16c97c3c62358e32696edb3ee976a9d4db8,2.5,DraftKings,-930,1.107527,0.902913,100.0,100.0,89.0,0.829643,0.668393,-23.452,-25.974,78.454,REJECTED,CONSERVATIVE_EDGE_BELOW_1_5;CONSERVATIVE_EV_BELOW_1_5,,,,,false,ALT_SHADOW_REJECTED,full_game,
MLB,MLB,f0ccaafc838af31a96ed2832f49e52f61c23b38f,2026-08-14T23:10:00+00:00,WSH @ NYM,PLAYER_PROP,PLAYER_PROP,2B,Jorbit Vivas 2B UNDER 0.5,UNDER,WSH,Jorbit Vivas,,a5bf9d6dafd62b816e77f343211da2826bf90085,c04c2fce132a6152635e927890ce72827120877d,0.5,Hard Rock,-900,1.111111,0.9,100.0,100.0,88.0,0.827143,0.665548,-23.445,-26.05,78.133,REJECTED,CONSERVATIVE_EDGE_BELOW_1_5;CONSERVATIVE_EV_BELOW_1_5,,,,,false,ALT_SHADOW_REJECTED,full_game,
WNBA,WNBA,ce28e39e53f06c32668c3d703ee9067eed9ba577,2026-08-14T23:30:00+00:00,DAL @ IND,PLAYER_PROP,PLAYER_PROP,PA,Kelsey Mitchell PA OVER 19.5,OVER,IND,Kelsey Mitchell,,fe71d02c69bc08c4b3c966b369a41806a4180286,d2b312d5cd57837f4a4d4289b833df2b35033b2e,19.5,DraftKings,-900,1.111111,0.9,100.0,100.0,88.0,0.827143,0.665548,-23.445,-26.05,78.133,REJECTED,CONSERVATIVE_EDGE_BELOW_1_5;CONSERVATIVE_EV_BELOW_1_5,,,,,false,ALT_SHADOW_REJECTED,full_game,
WNBA,WNBA,2c0472374a8431b56a1ef85fed8792259c12cbb5,2026-08-15T02:00:00+00:00,PDX @ SEA,SPREAD,GAMELINE,SPREAD,PDX +9.5,AWAY,PDX,,,26b606d2a0c171236c149b78fc1e026c6914c49d,b50129483bc8fe30253d880754c3ab30eaf76644,9.5,DraftKings,-280,1.3571,0.73684,80.0,80.0,,0.714286,0.543686,-19.315,-26.216,64.621,REJECTED,CONSERVATIVE_EDGE_BELOW_1_5;CONSERVATIVE_EV_BELOW_1_5,,,,,false,ALT_SHADOW_REJECTED,full_game,2026-08-14T17:52:13.851220-04:00
WNBA,WNBA,2c0472374a8431b56a1ef85fed8792259c12cbb5,2026-08-15T02:00:00+00:00,PDX @ SEA,TOTAL,GAMELINE,TOTAL,PDX @ SEA TOTAL OVER 170.5,OVER,,,,16b88431d1fc228316527156a32a7938df78417a,9cbd3ca37d10edb87f2ce8553f7e49ece120b98f,170.5,DraftKings,-280,1.3571,0.73684,80.0,80.0,,0.714286,0.543686,-19.315,-26.216,64.621,REJECTED,CONSERVATIVE_EDGE_BELOW_1_5;CONSERVATIVE_EV_BELOW_1_5,,,,,false,ALT_SHADOW_REJECTED,full_game,2026-08-14T17:52:13.851220-04:00
MLB,MLB,f0ccaafc838af31a96ed2832f49e52f61c23b38f,2026-08-14T23:10:00+00:00,WSH @ NYM,TOTAL,TEAM_PROP,TOTAL,WSH TOTAL OVER 1.5,OVER,WSH,,,695e7ee4d604b61c598183197e19a0c4e608f815,5bfa0b7cc004a0d40ca08e711a8dc9639d21ee6c,1.5,kalshi,-525.0,1.1905,0.84,,90.0,,0.785714,0.619416,-22.058,-26.259,73.165,REJECTED,CONSERVATIVE_EDGE_BELOW_1_5;CONSERVATIVE_EV_BELOW_1_5,,,,,false,ALT_SHADOW_REJECTED,full_game,2026-08-14T17:48:46.511965-04:00
MLB,MLB,7fcdba132025d708ccb897487bbdf70ae514ed86,2026-08-14T23:10:00+00:00,SD @ CLE,PLAYER_PROP,PLAYER_PROP,2B,Gavin Sheets 2B UNDER 0.5,UNDER,SD,Gavin Sheets,,3fa01c3071a23cd8c4bab79cd2137043e45c5c5e,d47863ee446925eee913f0828711dd269c1f532e,0.5,DraftKings,-940,1.106383,0.903846,100.0,100.0,88.0,0.827143,0.665548,-23.83,-26.365,78.133,REJECTED,CONSERVATIVE_EDGE_BELOW_1_5;CONSERVATIVE_EV_BELOW_1_5,,,,,false,ALT_SHADOW_REJECTED,full_game,
MLB,MLB,2889bff916cde60cbaab35f182f0068192b7dd44,2026-08-14T23:15:00+00:00,ARI @ ATL,PLAYER_PROP,PLAYER_PROP,2B,Nolan Arenado 2B UNDER 0.5,UNDER,ARI,Nolan Arenado,,03e2263b13d5e2ac18df546d0c564e7f2d7d0e39,75589ad2005554c116cb3165124c3e9e248552d6,0.5,Hard Rock,-800,1.125,0.888889,100.0,100.0,84.0,0.817143,0.65424,-23.465,-26.398,76.854,REJECTED,CONSERVATIVE_EDGE_BELOW_1_5;CONSERVATIVE_EV_BELOW_1_5,,,,,false,ALT_SHADOW_REJECTED,full_game,
MLB,MLB,2c5d4a3cdd2afb7caff13b8a2fdb0368eb059acc,2026-08-14T22:10:00+00:00,MIA @ CIN,TOTAL,TEAM_PROP,TOTAL,MIA TOTAL OVER 0.5,OVER,MIA,,,86a139d78c45d27a900e4c625896fe76b209f7d7,e966e8d05dc18dcc329bdc837378949054f891ca,0.5,draftkings,-2000.0,1.05,0.95238,,100.0,,0.857143,0.700218,-25.216,-26.477,82.013,REJECTED,CONSERVATIVE_EDGE_BELOW_1_5;CONSERVATIVE_EV_BELOW_1_5,,,,,false,ALT_SHADOW_REJECTED,full_game,2026-08-14T17:48:46.511965-04:00
WNBA,WNBA,ce28e39e53f06c32668c3d703ee9067eed9ba577,2026-08-14T23:30:00+00:00,DAL @ IND,TOTAL,TEAM_PROP,POINTS,DAL POINTS UNDER 94.5,UNDER,DAL,,,32ce35412c6b1d7b9bf6f3d843ffffe07278a6e9,afcee8a670a75566eb0e8d5f0d23f05cf0d7479b,94.5,Fanatics,-285,1.3509,0.74026,100.0,80.0,,0.714286,0.543686,-19.657,-26.553,64.621,REJECTED,CONSERVATIVE_EDGE_BELOW_1_5;CONSERVATIVE_EV_BELOW_1_5,,,,,false,ALT_SHADOW_REJECTED,full_game,2026-08-14T17:52:13.851220-04:00
MLB,MLB,8a105b91f1d12e353b0236f2f946c271af63c996,2026-08-14T23:15:00+00:00,NYY @ TOR,TOTAL,GAMELINE,TOTAL,NYY @ TOR TOTAL UNDER 10.5,UNDER,,,,9a872c401b40e7fa74b2fe50edcd811e98d99b7a,97a33ee3cf0c02b237005c570eb199953732cede,10.5,Fanatics,-285,1.3509,0.74026,80.0,80.0,,0.714286,0.543686,-19.657,-26.553,64.621,REJECTED,CONSERVATIVE_EDGE_BELOW_1_5;CONSERVATIVE_EV_BELOW_1_5,,,,,false,ALT_SHADOW_REJECTED,full_game,2026-08-14T17:48:46.511965-04:00
WNBA,WNBA,2c0472374a8431b56a1ef85fed8792259c12cbb5,2026-08-15T02:00:00+00:00,PDX @ SEA,SPREAD,GAMELINE,SPREAD,PDX +9,AWAY,PDX,,,26b606d2a0c171236c149b78fc1e026c6914c49d,514df43f955428c94ac2aeec88790d74eaddd77f,9.0,Fanatics,-285,1.3509,0.74026,80.0,80.0,,0.714286,0.543686,-19.657,-26.553,64.621,REJECTED,CONSERVATIVE_EDGE_BELOW_1_5;CONSERVATIVE_EV_BELOW_1_5,,,,,false,ALT_SHADOW_REJECTED,full_game,2026-08-14T17:52:13.851220-04:00
WNBA,WNBA,2c0472374a8431b56a1ef85fed8792259c12cbb5,2026-08-15T02:00:00+00:00,PDX @ SEA,TOTAL,GAMELINE,TOTAL,PDX @ SEA TOTAL OVER 164.5,OVER,,,,16b88431d1fc228316527156a32a7938df78417a,c57b2f2b058fdff80291114207ab371d0ab7711e,164.5,DraftKings,-540,1.1852,0.84375,100.0,90.0,,0.785714,0.619416,-22.433,-26.587,73.165,REJECTED,CONSERVATIVE_EDGE_BELOW_1_5;CONSERVATIVE_EV_BELOW_1_5,,,,,false,ALT_SHADOW_REJECTED,full_game,2026-08-14T17:52:13.851220-04:00
WNBA,WNBA,2c0472374a8431b56a1ef85fed8792259c12cbb5,2026-08-15T02:00:00+00:00,PDX @ SEA,SPREAD,GAMELINE,SPREAD,PDX +8,AWAY,PDX,,,26b606d2a0c171236c149b78fc1e026c6914c49d,7b397e1fccecc703121ccae15e0ddc7bef13cae8,8.0,Fanatics,-235,1.4255,0.70149,80.0,77.778,,0.692309,0.514666,-18.682,-26.634,61.991,REJECTED,RECENT_HIT_RATE_BELOW_80;CONSERVATIVE_EDGE_BELOW_1_5;CONSERVATIVE_EV_BELOW_1_5,,,,,false,ALT_SHADOW_REJECTED,full_game,2026-08-14T17:52:13.851220-04:00
WNBA,WNBA,2c0472374a8431b56a1ef85fed8792259c12cbb5,2026-08-15T02:00:00+00:00,PDX @ SEA,PLAYER_PROP,PLAYER_PROP,RA,Natisha Hiedeman RA OVER 4.5,OVER,SEA,Natisha Hiedeman,,fc95365f451352992ad6f0111abfa09adfd14c01,60f8375a2720773e969f8dbfc84f362eda93d1d1,4.5,DraftKings,-900,1.111111,0.9,100.0,100.0,86.0,0.822143,0.659879,-24.012,-26.68,77.493,REJECTED,CONSERVATIVE_EDGE_BELOW_1_5;CONSERVATIVE_EV_BELOW_1_5,,,,,false,ALT_SHADOW_REJECTED,full_game,
WNBA,WNBA,2c0472374a8431b56a1ef85fed8792259c12cbb5,2026-08-15T02:00:00+00:00,PDX @ SEA,PLAYER_PROP,PLAYER_PROP,PA,Emily Engstler PA OVER 6.5,OVER,PDX,Emily Engstler,,a014e4b5d828b71314596cbefffcbcfd65ac2764,caf184c5451dc64178308f45cfb3909f8b1f34f4,6.5,Fanatics,-1000,1.1,0.909091,100.0,100.0,88.0,0.827143,0.665548,-24.354,-26.79,78.133,REJECTED,CONSERVATIVE_EDGE_BELOW_1_5;CONSERVATIVE_EV_BELOW_1_5,,,,,false,ALT_SHADOW_REJECTED,full_game,
WNBA,WNBA,ce28e39e53f06c32668c3d703ee9067eed9ba577,2026-08-14T23:30:00+00:00,DAL @ IND,TOTAL,TEAM_PROP,POINTS,DAL POINTS UNDER 98.5,UNDER,DAL,,,32ce35412c6b1d7b9bf6f3d843ffffe07278a6e9,e4f70642879fb3b7cffca07e73b37b2b1a8d8f86,98.5,Fanatics,-550,1.1818,0.84615,100.0,90.0,,0.785714,0.619416,-22.673,-26.797,73.165,REJECTED,CONSERVATIVE_EDGE_BELOW_1_5;CONSERVATIVE_EV_BELOW_1_5,,,,,false,ALT_SHADOW_REJECTED,full_game,2026-08-14T17:52:13.851220-04:00
MLB,MLB,8a105b91f1d12e353b0236f2f946c271af63c996,2026-08-14T23:15:00+00:00,NYY @ TOR,SPREAD,GAMELINE,SPREAD,NYY +2.5,AWAY,NYY,,,c54a8aff5dc6e303037d96f84447d1c8a6b98e8a,5b51ca3d9ae540ab63b6f912346b481326275615,2.5,Hard Rock,-550,1.1818,0.84615,100.0,90.0,,0.785714,0.619416,-22.673,-26.797,73.165,REJECTED,CONSERVATIVE_EDGE_BELOW_1_5;CONSERVATIVE_EV_BELOW_1_5,,,,,false,ALT_SHADOW_REJECTED,full_game,2026-08-14T17:48:46.511965-04:00
WNBA,WNBA,2c0472374a8431b56a1ef85fed8792259c12cbb5,2026-08-15T02:00:00+00:00,PDX @ SEA,TOTAL,TEAM_PROP,POINTS,PDX POINTS OVER 79.5,OVER,PDX,,,b51b8b3913f382b10d00ef9b11e6a9c68801e20b,77e131c7cfee6e16c45d32592c98fa8382c984a3,79.5,Fanatics,-550,1.1818,0.84615,100.0,90.0,,0.785714,0.619416,-22.673,-26.797,73.165,REJECTED,CONSERVATIVE_EDGE_BELOW_1_5;CONSERVATIVE_EV_BELOW_1_5,,,,,false,ALT_SHADOW_REJECTED,full_game,2026-08-14T17:52:13.851220-04:00
MLB,MLB,7fcdba132025d708ccb897487bbdf70ae514ed86,2026-08-14T23:10:00+00:00,SD @ CLE,TOTAL,GAMELINE,TOTAL,SD @ CLE TOTAL OVER 4.0,OVER,,,,bb86cc43ce056df7292c2986f9331e0add074a21,644e083eca35fecca1ad98afa17e4957c48cc7cf,4.0,Fanatics,-550,1.1818,0.84615,80.0,90.0,,0.785714,0.619416,-22.673,-26.797,70.665,REJECTED,CONSERVATIVE_EDGE_BELOW_1_5;CONSERVATIVE_EV_BELOW_1_5,,,,,false,ALT_SHADOW_REJECTED,full_game,2026-08-14T17:48:46.511965-04:00
MLB,MLB,36ff8623e428995786e706503854ba8fc1c26140,2026-08-15T00:10:00+00:00,SEA @ HOU,SPREAD,GAMELINE,SPREAD,HOU +3.5,HOME,HOU,,,a20fc65b51b1616923929e1fe176d7e060e6feb7,cc4b9f87e4905015098511b9e8d42a506a4661a8,3.5,Fanatics,-550,1.1818,0.84615,80.0,90.0,,0.785714,0.619416,-22.673,-26.797,70.665,REJECTED,CONSERVATIVE_EDGE_BELOW_1_5;CONSERVATIVE_EV_BELOW_1_5,,,,,false,ALT_SHADOW_REJECTED,full_game,2026-08-14T17:48:46.511965-04:00
MLB,MLB,8a105b91f1d12e353b0236f2f946c271af63c996,2026-08-14T23:15:00+00:00,NYY @ TOR,SPREAD,GAMELINE,SPREAD,NYY +1.5,AWAY,NYY,,,c54a8aff5dc6e303037d96f84447d1c8a6b98e8a,25cbb6016a20aa3a4bd943937330f549e1793cb4,1.5,Novig,-292,1.3425,0.7449,100.0,80.0,,0.714286,0.543686,-20.121,-27.01,64.621,REJECTED,CONSERVATIVE_EDGE_BELOW_1_5;CONSERVATIVE_EV_BELOW_1_5,,,,,false,ALT_SHADOW_REJECTED,full_game,2026-08-14T17:48:46.511965-04:00
MLB,MLB,2889bff916cde60cbaab35f182f0068192b7dd44,2026-08-14T23:15:00+00:00,ARI @ ATL,SPREAD,GAMELINE,SPREAD,ARI +3.5,AWAY,ARI,,,56a1e392599827425add36b976a5c0e3b8055b26,53effbc070afe55dda18d04b4a3affb57934a2bc,3.5,Novig,-292,1.3425,0.7449,100.0,80.0,,0.714286,0.543686,-20.121,-27.01,64.621,REJECTED,CONSERVATIVE_EDGE_BELOW_1_5;CONSERVATIVE_EV_BELOW_1_5,,,,,false,ALT_SHADOW_REJECTED,full_game,2026-08-14T17:48:46.511965-04:00
MLB,MLB,2889bff916cde60cbaab35f182f0068192b7dd44,2026-08-14T23:15:00+00:00,ARI @ ATL,SPREAD,GAMELINE,SPREAD,ARI +3,AWAY,ARI,,,56a1e392599827425add36b976a5c0e3b8055b26,6dfcc073c660581ddc39fc714939f92666b1d11b,3.0,DraftKings,-293,1.3413,0.74555,100.0,80.0,,0.714286,0.543686,-20.186,-27.075,64.621,REJECTED,CONSERVATIVE_EDGE_BELOW_1_5;CONSERVATIVE_EV_BELOW_1_5,,,,,false,ALT_SHADOW_REJECTED,full_game,2026-08-14T17:48:46.511965-04:00
MLB,MLB,0ca4cb92aa874e95044a13829b554bd5fb96a8d1,2026-08-14T22:40:00+00:00,CWS @ DET,TOTAL,TEAM_PROP,TOTAL,CWS TOTAL OVER 1.5,OVER,CWS,,,9d0172a4386e459c646dd657ba003cb0d75fe225,d49f8359dd9c68c70cee1bb024194b33ed545931,1.5,kalshi,-564.0,1.1773,0.8494,,90.0,,0.785714,0.619416,-22.998,-27.076,73.165,REJECTED,CONSERVATIVE_EDGE_BELOW_1_5;CONSERVATIVE_EV_BELOW_1_5,,,,,false,ALT_SHADOW_REJECTED,full_game,2026-08-14T17:48:46.511965-04:00
MLB,MLB,2889bff916cde60cbaab35f182f0068192b7dd44,2026-08-14T23:15:00+00:00,ARI @ ATL,TOTAL,GAMELINE,TOTAL,ARI @ ATL TOTAL UNDER 10.0,UNDER,,,,fbb6b1aefd9326073c9866f74f184811844ccc12,b9872c1e5614904ae0c26a9046e155ff49dbe3e4,10.0,Fanatics,-240,1.4167,0.70588,80.0,77.778,,0.692309,0.514666,-19.121,-27.087,61.991,REJECTED,RECENT_HIT_RATE_BELOW_80;CONSERVATIVE_EDGE_BELOW_1_5;CONSERVATIVE_EV_BELOW_1_5,,,,,false,ALT_SHADOW_REJECTED,full_game,2026-08-14T17:48:46.511965-04:00
MLB,MLB,ef20c401baa5b5cd51eab647418980093a9acd9a,2026-08-14T22:40:00+00:00,BOS @ PIT,TOTAL,TEAM_PROP,TOTAL,BOS TOTAL OVER 0.5,OVER,BOS,,,e6e23157c6b1b2502b876e029b1fd862fe663564,602eb2a792aa3afece15c8b5e73f9fe1d9c1a22f,0.5,draftkings,-2500.0,1.04,0.96154,,100.0,,0.857143,0.700218,-26.132,-27.177,82.013,REJECTED,CONSERVATIVE_EDGE_BELOW_1_5;CONSERVATIVE_EV_BELOW_1_5,,,,,false,ALT_SHADOW_REJECTED,full_game,2026-08-14T17:48:46.511965-04:00
MLB,MLB,36ff8623e428995786e706503854ba8fc1c26140,2026-08-15T00:10:00+00:00,SEA @ HOU,TOTAL,TEAM_PROP,TOTAL,HOU TOTAL OVER 0.5,OVER,HOU,,,e4b853203fd31a4c52c5ca864e20edbc1e866a3f,f535835a729d3d0d5bba2150129f66c6fce453f1,0.5,draftkings,-2500.0,1.04,0.96154,,100.0,,0.857143,0.700218,-26.132,-27.177,82.013,REJECTED,CONSERVATIVE_EDGE_BELOW_1_5;CONSERVATIVE_EV_BELOW_1_5,,,,,false,ALT_SHADOW_REJECTED,full_game,2026-08-14T17:48:46.511965-04:00
MLB,MLB,2c5d4a3cdd2afb7caff13b8a2fdb0368eb059acc,2026-08-14T22:10:00+00:00,MIA @ CIN,PLAYER_PROP,PLAYER_PROP,2B,Michael Toglia 2B UNDER 0.5,UNDER,CIN,Michael Toglia,,965fbfb1711be80135cc331ac1b3bdceba4ea8a4,533f698cd9847bc26e0f962a002b54a4fcac68ec,0.5,Hard Rock,-800,1.125,0.888889,100.0,90.0,100.0,0.810714,0.647032,-24.186,-27.209,76.322,REJECTED,CONSERVATIVE_EDGE_BELOW_1_5;CONSERVATIVE_EV_BELOW_1_5,,,,,false,ALT_SHADOW_REJECTED,full_game,
MLB,MLB,0a0695b5ceedd8e03ad7fc7168e13abaaa63c4c4,2026-08-15T02:15:00+00:00,COL @ SF,PLAYER_PROP,PLAYER_PROP,2B,Zac Veen 2B UNDER 0.5,UNDER,COL,Zac Veen,,c880ffa0a4a5f5df5dda35ecc24d07d00fe65f5d,f5410a9ac1b3d0f2b55ceea3778884c6701c2956,0.5,Hard Rock,-800,1.125,0.888889,100.0,90.0,100.0,0.810714,0.647032,-24.186,-27.209,76.322,REJECTED,CONSERVATIVE_EDGE_BELOW_1_5;CONSERVATIVE_EV_BELOW_1_5,,,,,false,ALT_SHADOW_REJECTED,full_game,
MLB,MLB,2889bff916cde60cbaab35f182f0068192b7dd44,2026-08-14T23:15:00+00:00,ARI @ ATL,TOTAL,TEAM_PROP,RUNS,ATL RUNS UNDER 7.5,UNDER,ATL,,,9da247bf8dc5946da70a29f3a5f82db01a5d7d8d,a8e1104289b4b01ba71b197556ea6a38b774068e,7.5,DraftKings,-575,1.1739,0.85185,100.0,90.0,,0.785714,0.619416,-23.243,-27.287,73.165,REJECTED,CONSERVATIVE_EDGE_BELOW_1_5;CONSERVATIVE_EV_BELOW_1_5,,,,,false,ALT_SHADOW_REJECTED,full_game,2026-08-14T17:48:46.511965-04:00
MLB,MLB,e88e813157c3cc8b6fc6ba7b14140ce20f3397d8,2026-08-15T02:10:00+00:00,MIL @ LAD,SPREAD,GAMELINE,SPREAD,MIL +4.5,AWAY,MIL,,,f94d099e63f4a716463b46fd30e8804f3e71372f,e63046beb7c7b62be746f980c310d739bfda3212,4.5,Fanatics,-575,1.1739,0.85185,80.0,90.0,,0.785714,0.619416,-23.243,-27.287,70.665,REJECTED,CONSERVATIVE_EDGE_BELOW_1_5;CONSERVATIVE_EV_BELOW_1_5,,,,,false,ALT_SHADOW_REJECTED,full_game,2026-08-14T17:48:46.511965-04:00
MLB,MLB,6db6568d134f5df21219209469036a5e0afb6764,2026-08-14T23:10:00+00:00,BAL @ TB,TOTAL,TEAM_PROP,RUNS,BAL RUNS UNDER 6.5,UNDER,BAL,,,b9c51649dea61d86277ae9d8555c0e7a6a03c94d,4be99ea0dca3875a4b4ea0f2f0c366bc11ae1d90,6.5,DraftKings,-575,1.1739,0.85185,80.0,90.0,,0.785714,0.619416,-23.243,-27.287,70.665,REJECTED,CONSERVATIVE_EDGE_BELOW_1_5;CONSERVATIVE_EV_BELOW_1_5,,,,,false,ALT_SHADOW_REJECTED,full_game,2026-08-14T17:48:46.511965-04:00
MLB,MLB,2889bff916cde60cbaab35f182f0068192b7dd44,2026-08-14T23:15:00+00:00,ARI @ ATL,SPREAD,GAMELINE,SPREAD,ATL +2.5,HOME,ATL,,,56a1e392599827425add36b976a5c0e3b8055b26,ddb6f480fc483ee85e78df0138ae597db7fcac37,2.5,Fanatics,-575,1.1739,0.85185,80.0,90.0,,0.785714,0.619416,-23.243,-27.287,70.665,REJECTED,CONSERVATIVE_EDGE_BELOW_1_5;CONSERVATIVE_EV_BELOW_1_5,,,,,false,ALT_SHADOW_REJECTED,full_game,2026-08-14T17:48:46.511965-04:00
MLB,MLB,0ca4cb92aa874e95044a13829b554bd5fb96a8d1,2026-08-14T22:40:00+00:00,CWS @ DET,SPREAD,GAMELINE,SPREAD,DET +2,HOME,DET,,,1f8117721bac3b567064cdbcf1ca8e27213df38c,7179a9ade430dacef7d904186915887d25100fd4,2.0,DraftKings,-355,1.2817,0.78022,80.0,87.5,,0.75,0.566676,-21.354,-27.369,67.126,REJECTED,CONSERVATIVE_EDGE_BELOW_1_5;CONSERVATIVE_EV_BELOW_1_5,,,,,false,ALT_SHADOW_REJECTED,full_game,2026-08-14T17:48:46.511965-04:00
WNBA,WNBA,2c0472374a8431b56a1ef85fed8792259c12cbb5,2026-08-15T02:00:00+00:00,PDX @ SEA,PLAYER_PROP,PLAYER_PROP,REB,Dominique Malonga REB OVER 5.5,OVER,SEA,Dominique Malonga,,9655070ba971781e9d5218338a1f762606c92d2a,f04d2e1306f702fb9ee3f123f4c1f660cccff9d1,5.5,Hard Rock,-950,1.105263,0.904762,100.0,100.0,85.0,0.819643,0.657056,-24.771,-27.378,77.173,REJECTED,CONSERVATIVE_EDGE_BELOW_1_5;CONSERVATIVE_EV_BELOW_1_5,,,,,false,ALT_SHADOW_REJECTED,full_game,
MLB,MLB,2889bff916cde60cbaab35f182f0068192b7dd44,2026-08-14T23:15:00+00:00,ARI @ ATL,PLAYER_PROP,PLAYER_PROP,2B,Tim Tawa 2B UNDER 0.5,UNDER,ARI,Tim Tawa,,053058563a734decfca01f7c993473ac296dc270,7c49d40bf67bb89b57762e1b7c01f85e28db18d8,0.5,Hard Rock,-950,1.105263,0.904762,100.0,100.0,85.0,0.819643,0.657056,-24.771,-27.378,77.173,REJECTED,CONSERVATIVE_EDGE_BELOW_1_5;CONSERVATIVE_EV_BELOW_1_5,,,,,false,ALT_SHADOW_REJECTED,full_game,
MLB,MLB,8a105b91f1d12e353b0236f2f946c271af63c996,2026-08-14T23:15:00+00:00,NYY @ TOR,PLAYER_PROP,PLAYER_PROP,SO,Gerrit Cole SO OVER 2.5,OVER,NYY,Gerrit Cole,,08dababac51f8bfe8094914048d8907f909be5bf,d225104419dabd098731f948cece1d6bfb2ff53f,2.5,Midnite,-1000,1.1,0.909091,100.0,100.0,86.0,0.822143,0.659879,-24.921,-27.413,77.493,REJECTED,CONSERVATIVE_EDGE_BELOW_1_5;CONSERVATIVE_EV_BELOW_1_5,,,,,false,ALT_SHADOW_REJECTED,full_game,
MLB,MLB,2889bff916cde60cbaab35f182f0068192b7dd44,2026-08-14T23:15:00+00:00,ARI @ ATL,SPREAD,GAMELINE,SPREAD,ATL +2,HOME,ATL,,,56a1e392599827425add36b976a5c0e3b8055b26,f8eb9e8fe3283989ee5f65146c1c8a3177da2aa0,2.0,DraftKings,-587,1.1704,0.85444,80.0,90.0,,0.785714,0.619416,-23.502,-27.504,70.665,REJECTED,CONSERVATIVE_EDGE_BELOW_1_5;CONSERVATIVE_EV_BELOW_1_5,,,,,false,ALT_SHADOW_REJECTED,full_game,2026-08-14T17:48:46.511965-04:00
WNBA,WNBA,2c0472374a8431b56a1ef85fed8792259c12cbb5,2026-08-15T02:00:00+00:00,PDX @ SEA,TOTAL,GAMELINE,TOTAL,PDX @ SEA TOTAL OVER 169.5,OVER,,,,16b88431d1fc228316527156a32a7938df78417a,dac3e58610a90105f48a96f950335d6b850b873c,169.5,Fanatics,-300,1.3333,0.75,80.0,80.0,,0.714286,0.543686,-20.631,-27.51,64.621,REJECTED,CONSERVATIVE_EDGE_BELOW_1_5;CONSERVATIVE_EV_BELOW_1_5,,,,,false,ALT_SHADOW_REJECTED,full_game,2026-08-14T17:52:13.851220-04:00
WNBA,WNBA,2c0472374a8431b56a1ef85fed8792259c12cbb5,2026-08-15T02:00:00+00:00,PDX @ SEA,TOTAL,TEAM_PROP,POINTS,SEA POINTS OVER 85.5,OVER,SEA,,,86040774099aa93f53835857f8b0080de5a51309,e96fe660bbbda624a709452c80b7262cf7be30aa,85.5,Fanatics,-300,1.3333,0.75,80.0,80.0,,0.714286,0.543686,-20.631,-27.51,64.621,REJECTED,CONSERVATIVE_EDGE_BELOW_1_5;CONSERVATIVE_EV_BELOW_1_5,,,,,false,ALT_SHADOW_REJECTED,full_game,2026-08-14T17:52:13.851220-04:00
MLB,MLB,e88e813157c3cc8b6fc6ba7b14140ce20f3397d8,2026-08-15T02:10:00+00:00,MIL @ LAD,SPREAD,GAMELINE,SPREAD,MIL +4,AWAY,MIL,,,f94d099e63f4a716463b46fd30e8804f3e71372f,d86393cca3c4464c68c207ff87efbdc091da25ff,4.0,DraftKings,-590,1.1695,0.85507,80.0,90.0,,0.785714,0.619416,-23.565,-27.559,70.665,REJECTED,CONSERVATIVE_EDGE_BELOW_1_5;CONSERVATIVE_EV_BELOW_1_5,,,,,false,ALT_SHADOW_REJECTED,full_game,2026-08-14T17:48:46.511965-04:00
MLB,MLB,2889bff916cde60cbaab35f182f0068192b7dd44,2026-08-14T23:15:00+00:00,ARI @ ATL,PLAYER_PROP,PLAYER_PROP,2B,Jim Jarvis 2B UNDER 0.5,UNDER,ATL,Jim Jarvis,,166b671744b11f3d6e1136cbd6c540dc6bcbd1f8,f246eabca1d54c833272d438b30219bc3b4cb3d3,0.5,Hard Rock,-900,1.111111,0.9,100.0,100.0,83.0,0.814643,0.651431,-24.857,-27.619,76.536,REJECTED,CONSERVATIVE_EDGE_BELOW_1_5;CONSERVATIVE_EV_BELOW_1_5,,,,,false,ALT_SHADOW_REJECTED,full_game,
MLB,MLB,6db6568d134f5df21219209469036a5e0afb6764,2026-08-14T23:10:00+00:00,BAL @ TB,TOTAL,TEAM_PROP,TOTAL,TB TOTAL OVER 0.5,OVER,TB,,,028894a411e1dc1c54f8d0ee97cb319b510901cd,8f28cc8f380384b40e75676571bfedd977ec74dd,0.5,draftkings,-3000.0,1.0333,0.96774,,100.0,,0.857143,0.700218,-26.752,-27.646,82.013,REJECTED,CONSERVATIVE_EDGE_BELOW_1_5;CONSERVATIVE_EV_BELOW_1_5,,,,,false,ALT_SHADOW_REJECTED,full_game,2026-08-14T17:48:46.511965-04:00
MLB,MLB,488b3d2d3f8e214c64f3d2f237418aa9f74fbe3b,2026-08-15T01:38:00+00:00,KC @ LAA,TOTAL,TEAM_PROP,TOTAL,KC TOTAL OVER 0.5,OVER,KC,,,232c17e6a06300b43d10abf38ea368bb037893a2,0c332ef81c7b6eac413ccc35b9c1de4142195a37,0.5,draftkings,-3000.0,1.0333,0.96774,,100.0,,0.857143,0.700218,-26.752,-27.646,82.013,REJECTED,CONSERVATIVE_EDGE_BELOW_1_5;CONSERVATIVE_EV_BELOW_1_5,,,,,false,ALT_SHADOW_REJECTED,full_game,2026-08-14T17:48:46.511965-04:00
MLB,MLB,6db6568d134f5df21219209469036a5e0afb6764,2026-08-14T23:10:00+00:00,BAL @ TB,SPREAD,GAMELINE,SPREAD,BAL +4.5,AWAY,BAL,,,9ab5071dfae75d08fbe76eb8985a00ec2f42e0e7,0263fead47f2982903840a7733f87e6f468aef50,4.5,Fanatics,-600,1.1667,0.85714,100.0,90.0,,0.785714,0.619416,-23.772,-27.733,73.165,REJECTED,CONSERVATIVE_EDGE_BELOW_1_5;CONSERVATIVE_EV_BELOW_1_5,,,,,false,ALT_SHADOW_REJECTED,full_game,2026-08-14T17:48:46.511965-04:00
MLB,MLB,7fcdba132025d708ccb897487bbdf70ae514ed86,2026-08-14T23:10:00+00:00,SD @ CLE,TOTAL,GAMELINE,TOTAL,SD @ CLE TOTAL OVER 3.5,OVER,,,,bb86cc43ce056df7292c2986f9331e0add074a21,f7c024999986c1556fc5d6c1ef3d9199c06d9798,3.5,Fanatics,-600,1.1667,0.85714,80.0,90.0,,0.785714,0.619416,-23.772,-27.733,70.665,REJECTED,CONSERVATIVE_EDGE_BELOW_1_5;CONSERVATIVE_EV_BELOW_1_5,,,,,false,ALT_SHADOW_REJECTED,full_game,2026-08-14T17:48:46.511965-04:00
MLB,MLB,ef20c401baa5b5cd51eab647418980093a9acd9a,2026-08-14T22:40:00+00:00,BOS @ PIT,TOTAL,TEAM_PROP,TOTAL,BOS TOTAL OVER 1.5,OVER,BOS,,,e6e23157c6b1b2502b876e029b1fd862fe663564,85bc09885a3480ca354c780bf0633a2a663dd584,1.5,kalshi,-609.0,1.1642,0.85896,,90.0,,0.785714,0.619416,-23.954,-27.888,73.165,REJECTED,CONSERVATIVE_EDGE_BELOW_1_5;CONSERVATIVE_EV_BELOW_1_5,,,,,false,ALT_SHADOW_REJECTED,full_game,2026-08-14T17:48:46.511965-04:00
MLB,MLB,ef20c401baa5b5cd51eab647418980093a9acd9a,2026-08-14T22:40:00+00:00,BOS @ PIT,TOTAL,GAMELINE,TOTAL,BOS @ PIT TOTAL OVER 5.5,OVER,,,,a6325d5b0e3c01b6a0499d1aca4203495cc1666b,f90ae34f8c3536f4fd6bbd79cfeb4188a72a89fa,5.5,DraftKings,-307,1.3257,0.7543,80.0,80.0,,0.714286,0.543686,-21.061,-27.924,64.621,REJECTED,CONSERVATIVE_EDGE_BELOW_1_5;CONSERVATIVE_EV_BELOW_1_5,,,,,false,ALT_SHADOW_REJECTED,full_game,2026-08-14T17:48:46.511965-04:00
MLB,MLB,0ca4cb92aa874e95044a13829b554bd5fb96a8d1,2026-08-14T22:40:00+00:00,CWS @ DET,TOTAL,TEAM_PROP,TOTAL,DET TOTAL OVER 0.5,OVER,DET,,,ba99c7fcda61d13e66befc1e5947055f486ec199,0c120617f1fb4f5aa0d6fd936dbce764d87dd0b4,0.5,draftkings,-3500.0,1.0286,0.97222,,100.0,,0.857143,0.700218,-27.2,-27.976,82.013,REJECTED,CONSERVATIVE_EDGE_BELOW_1_5;CONSERVATIVE_EV_BELOW_1_5,,,,,false,ALT_SHADOW_REJECTED,full_game,2026-08-14T17:48:46.511965-04:00
WNBA,WNBA,2c0472374a8431b56a1ef85fed8792259c12cbb5,2026-08-15T02:00:00+00:00,PDX @ SEA,TOTAL,GAMELINE,TOTAL,PDX @ SEA TOTAL OVER 163.5,OVER,,,,16b88431d1fc228316527156a32a7938df78417a,fd1f468f3c0417cb09433e729c22878a170e8676,163.5,DraftKings,-620,1.1613,0.86111,100.0,90.0,,0.785714,0.619416,-24.169,-28.067,73.165,REJECTED,CONSERVATIVE_EDGE_BELOW_1_5;CONSERVATIVE_EV_BELOW_1_5,,,,,false,ALT_SHADOW_REJECTED,full_game,2026-08-14T17:52:13.851220-04:00
WNBA,WNBA,2c0472374a8431b56a1ef85fed8792259c12cbb5,2026-08-15T02:00:00+00:00,PDX @ SEA,TOTAL,TEAM_PROP,POINTS,SEA POINTS UNDER 97.5,UNDER,SEA,,,86040774099aa93f53835857f8b0080de5a51309,a713139017a5b504213e54ca58cc0f1990f0e65c,97.5,Fanatics,-310,1.3226,0.7561,100.0,80.0,,0.714286,0.543686,-21.241,-28.092,64.621,REJECTED,CONSERVATIVE_EDGE_BELOW_1_5;CONSERVATIVE_EV_BELOW_1_5,,,,,false,ALT_SHADOW_REJECTED,full_game,2026-08-14T17:52:13.851220-04:00
MLB,MLB,2889bff916cde60cbaab35f182f0068192b7dd44,2026-08-14T23:15:00+00:00,ARI @ ATL,SPREAD,GAMELINE,SPREAD,ARI +4,AWAY,ARI,,,56a1e392599827425add36b976a5c0e3b8055b26,be8decc8575c940b6685eeaa26a1d84f7778fa19,4.0,DraftKings,-484,1.2066,0.82877,100.0,88.889,,0.769232,0.594731,-23.404,-28.24,71.239,REJECTED,CONSERVATIVE_EDGE_BELOW_1_5;CONSERVATIVE_EV_BELOW_1_5,,,,,false,ALT_SHADOW_REJECTED,full_game,2026-08-14T17:48:46.511965-04:00
MLB,MLB,8a105b91f1d12e353b0236f2f946c271af63c996,2026-08-14T23:15:00+00:00,NYY @ TOR,TOTAL,TEAM_PROP,RUNS,NYY RUNS UNDER 7.5,UNDER,NYY,,,ef490adcb10f27154bea5a26c70119e579b118b4,027b213aa5d197ec8a9fff3978fa89a2d89db5fc,7.5,DraftKings,-650,1.1538,0.86667,80.0,90.0,,0.785714,0.619416,-24.725,-28.532,70.665,REJECTED,CONSERVATIVE_EDGE_BELOW_1_5;CONSERVATIVE_EV_BELOW_1_5,,,,,false,ALT_SHADOW_REJECTED,full_game,2026-08-14T17:48:46.511965-04:00
MLB,MLB,e88e813157c3cc8b6fc6ba7b14140ce20f3397d8,2026-08-15T02:10:00+00:00,MIL @ LAD,TOTAL,TEAM_PROP,TOTAL,LAD TOTAL OVER 0.5,OVER,LAD,,,5af8527a71d02c1fde324d713dc73236efcbb64a,5e856b42a85347e3d51c8eea771a562f98d8b65c,0.5,draftkings,-5000.0,1.02,0.98039,,100.0,,0.857143,0.700218,-28.017,-28.578,82.013,REJECTED,CONSERVATIVE_EDGE_BELOW_1_5;CONSERVATIVE_EV_BELOW_1_5,,,,,false,ALT_SHADOW_REJECTED,full_game,2026-08-14T17:48:46.511965-04:00
MLB,MLB,2889bff916cde60cbaab35f182f0068192b7dd44,2026-08-14T23:15:00+00:00,ARI @ ATL,TOTAL,TEAM_PROP,TOTAL,ATL TOTAL OVER 0.5,OVER,ATL,,,9da247bf8dc5946da70a29f3a5f82db01a5d7d8d,0b7783f39a7c9622af6a2d96460caab937ebb5c6,0.5,draftkings,-5000.0,1.02,0.98039,,100.0,,0.857143,0.700218,-28.017,-28.578,82.013,REJECTED,CONSERVATIVE_EDGE_BELOW_1_5;CONSERVATIVE_EV_BELOW_1_5,,,,,false,ALT_SHADOW_REJECTED,full_game,2026-08-14T17:48:46.511965-04:00
WNBA,WNBA,2c0472374a8431b56a1ef85fed8792259c12cbb5,2026-08-15T02:00:00+00:00,PDX @ SEA,TOTAL,TEAM_PROP,POINTS,PDX POINTS OVER 82.5,OVER,PDX,,,b51b8b3913f382b10d00ef9b11e6a9c68801e20b,95f734f1869fdf715b4e8084616dcaec06a0c50a,82.5,Fanatics,-320,1.3125,0.7619,80.0,80.0,,0.714286,0.543686,-21.821,-28.641,64.621,REJECTED,CONSERVATIVE_EDGE_BELOW_1_5;CONSERVATIVE_EV_BELOW_1_5,,,,,false,ALT_SHADOW_REJECTED,full_game,2026-08-14T17:52:13.851220-04:00
WNBA,WNBA,2c0472374a8431b56a1ef85fed8792259c12cbb5,2026-08-15T02:00:00+00:00,PDX @ SEA,SPREAD,GAMELINE,SPREAD,PDX +14.5,AWAY,PDX,,,26b606d2a0c171236c149b78fc1e026c6914c49d,448b6d4a48f2d230184295fb1f0568600cb8a2e2,14.5,DraftKings,-660,1.1515,0.86842,100.0,90.0,,0.785714,0.619416,-24.9,-28.674,73.165,REJECTED,CONSERVATIVE_EDGE_BELOW_1_5;CONSERVATIVE_EV_BELOW_1_5,,,,,false,ALT_SHADOW_REJECTED,full_game,2026-08-14T17:52:13.851220-04:00
MLB,MLB,8a105b91f1d12e353b0236f2f946c271af63c996,2026-08-14T23:15:00+00:00,NYY @ TOR,SPREAD,GAMELINE,SPREAD,TOR +3,HOME,TOR,,,c54a8aff5dc6e303037d96f84447d1c8a6b98e8a,168034cd10b799d4169eeefe5e14c0dc9cb018b7,3.0,DraftKings,-321,1.3115,0.76247,80.0,80.0,,0.714286,0.543686,-21.878,-28.696,64.621,REJECTED,CONSERVATIVE_EDGE_BELOW_1_5;CONSERVATIVE_EV_BELOW_1_5,,,,,false,ALT_SHADOW_REJECTED,full_game,2026-08-14T17:48:46.511965-04:00
MLB,MLB,8a105b91f1d12e353b0236f2f946c271af63c996,2026-08-14T23:15:00+00:00,NYY @ TOR,SPREAD,GAMELINE,SPREAD,TOR +3.5,HOME,TOR,,,c54a8aff5dc6e303037d96f84447d1c8a6b98e8a,f3e886cabef2aee023b6eff6b901d098c9055543,3.5,Novig,-326,1.3067,0.76526,80.0,80.0,,0.714286,0.543686,-22.157,-28.957,64.621,REJECTED,CONSERVATIVE_EDGE_BELOW_1_5;CONSERVATIVE_EV_BELOW_1_5,,,,,false,ALT_SHADOW_REJECTED,full_game,2026-08-14T17:48:46.511965-04:00
WNBA,WNBA,ce28e39e53f06c32668c3d703ee9067eed9ba577,2026-08-14T23:30:00+00:00,DAL @ IND,TOTAL,TEAM_PROP,POINTS,DAL POINTS UNDER 95.5,UNDER,DAL,,,32ce35412c6b1d7b9bf6f3d843ffffe07278a6e9,108dbfbcce5a29a1187f6b4724611efc217d664f,95.5,Fanatics,-330,1.303,0.76744,100.0,80.0,,0.714286,0.543686,-22.375,-29.158,64.621,REJECTED,CONSERVATIVE_EDGE_BELOW_1_5;CONSERVATIVE_EV_BELOW_1_5,,,,,false,ALT_SHADOW_REJECTED,full_game,2026-08-14T17:52:13.851220-04:00
WNBA,WNBA,2c0472374a8431b56a1ef85fed8792259c12cbb5,2026-08-15T02:00:00+00:00,PDX @ SEA,SPREAD,GAMELINE,SPREAD,PDX +10.5,AWAY,PDX,,,26b606d2a0c171236c149b78fc1e026c6914c49d,8374a1abf67f73f27b813130d49515769e060e0b,10.5,DraftKings,-330,1.303,0.76744,80.0,80.0,,0.714286,0.543686,-22.375,-29.158,64.621,REJECTED,CONSERVATIVE_EDGE_BELOW_1_5;CONSERVATIVE_EV_BELOW_1_5,,,,,false,ALT_SHADOW_REJECTED,full_game,2026-08-14T17:52:13.851220-04:00
MLB,MLB,ef20c401baa5b5cd51eab647418980093a9acd9a,2026-08-14T22:40:00+00:00,BOS @ PIT,SPREAD,GAMELINE,SPREAD,BOS +3.5,AWAY,BOS,,,c115ec421753a54d5929ca191f83f8c3e3e2e224,939230654475ace1c9ae8065f0dd4f2f4aee3789,3.5,Fanatics,-700,1.1429,0.875,100.0,90.0,,0.785714,0.619416,-25.558,-29.207,73.165,REJECTED,CONSERVATIVE_EDGE_BELOW_1_5;CONSERVATIVE_EV_BELOW_1_5,,,,,false,ALT_SHADOW_REJECTED,full_game,2026-08-14T17:48:46.511965-04:00
MLB,MLB,7fcdba132025d708ccb897487bbdf70ae514ed86,2026-08-14T23:10:00+00:00,SD @ CLE,TOTAL,TEAM_PROP,RUNS,CLE RUNS UNDER 6.5,UNDER,CLE,,,48575e5fb5f5fddba0ed2cb839cbd4bc5c3d2796,ca15bc7893c551acddf0d99e72891c567fcb47ec,6.5,DraftKings,-700,1.1429,0.875,100.0,90.0,,0.785714,0.619416,-25.558,-29.207,73.165,REJECTED,CONSERVATIVE_EDGE_BELOW_1_5;CONSERVATIVE_EV_BELOW_1_5,,,,,false,ALT_SHADOW_REJECTED,full_game,2026-08-14T17:48:46.511965-04:00
MLB,MLB,6db6568d134f5df21219209469036a5e0afb6764,2026-08-14T23:10:00+00:00,BAL @ TB,SPREAD,GAMELINE,SPREAD,TB +3.5,HOME,TB,,,9ab5071dfae75d08fbe76eb8985a00ec2f42e0e7,194043fbed367c2c88e0f44c486f279256a0d758,3.5,Midnite,-700,1.1429,0.875,100.0,90.0,,0.785714,0.619416,-25.558,-29.207,73.165,REJECTED,CONSERVATIVE_EDGE_BELOW_1_5;CONSERVATIVE_EV_BELOW_1_5,,,,,false,ALT_SHADOW_REJECTED,full_game,2026-08-14T17:48:46.511965-04:00
MLB,MLB,488b3d2d3f8e214c64f3d2f237418aa9f74fbe3b,2026-08-15T01:38:00+00:00,KC @ LAA,TOTAL,GAMELINE,TOTAL,KC @ LAA TOTAL OVER 4.5,OVER,,,,0f763b495f66a6a56471fd466c6339749a41668e,f366281de4697e0a54ef18164597be30e8986e83,4.5,Fanatics,-700,1.1429,0.875,100.0,90.0,,0.785714,0.619416,-25.558,-29.207,73.165,REJECTED,CONSERVATIVE_EDGE_BELOW_1_5;CONSERVATIVE_EV_BELOW_1_5,,,,,false,ALT_SHADOW_REJECTED,full_game,2026-08-14T17:48:46.511965-04:00
MLB,MLB,488b3d2d3f8e214c64f3d2f237418aa9f74fbe3b,2026-08-15T01:38:00+00:00,KC @ LAA,TOTAL,TEAM_PROP,RUNS,KC RUNS UNDER 7.5,UNDER,KC,,,232c17e6a06300b43d10abf38ea368bb037893a2,0d3f25febbe0c1b4ec6f3861a59badf0ca5919e5,7.5,Midnite,-700,1.1429,0.875,100.0,90.0,,0.785714,0.619416,-25.558,-29.207,73.165,REJECTED,CONSERVATIVE_EDGE_BELOW_1_5;CONSERVATIVE_EV_BELOW_1_5,,,,,false,ALT_SHADOW_REJECTED,full_game,2026-08-14T17:48:46.511965-04:00
WNBA,WNBA,2c0472374a8431b56a1ef85fed8792259c12cbb5,2026-08-15T02:00:00+00:00,PDX @ SEA,TOTAL,TEAM_PROP,POINTS,PDX POINTS OVER 78.5,OVER,PDX,,,b51b8b3913f382b10d00ef9b11e6a9c68801e20b,815030f0d420347965bfec90e3bf0d93280f9e13,78.5,Fanatics,-700,1.1429,0.875,100.0,90.0,,0.785714,0.619416,-25.558,-29.207,73.165,REJECTED,CONSERVATIVE_EDGE_BELOW_1_5;CONSERVATIVE_EV_BELOW_1_5,,,,,false,ALT_SHADOW_REJECTED,full_game,2026-08-14T17:52:13.851220-04:00
MLB,MLB,2889bff916cde60cbaab35f182f0068192b7dd44,2026-08-14T23:15:00+00:00,ARI @ ATL,PLAYER_PROP,PLAYER_PROP,2B,Ryan Waldschmidt 2B UNDER 0.5,UNDER,ARI,Ryan Waldschmidt,,0f25a8e23669a20fbc1fa4eacfab21af0096d9a9,c0a7aabef48570354ef46364a92310399aae4360,0.5,Hard Rock,-950,1.105263,0.904762,100.0,100.0,79.0,0.804643,0.640265,-26.45,-29.234,75.266,REJECTED,CONSERVATIVE_EDGE_BELOW_1_5;CONSERVATIVE_EV_BELOW_1_5,,,,,false,ALT_SHADOW_REJECTED,full_game,
MLB,MLB,6db6568d134f5df21219209469036a5e0afb6764,2026-08-14T23:10:00+00:00,BAL @ TB,TOTAL,TEAM_PROP,TOTAL,TB TOTAL OVER 1.5,OVER,TB,,,028894a411e1dc1c54f8d0ee97cb319b510901cd,69112a5267b235a60811a7e896c8fcb4490c36c4,1.5,kalshi,-719.0,1.1391,0.8779,,90.0,,0.785714,0.619416,-25.848,-29.442,73.165,REJECTED,CONSERVATIVE_EDGE_BELOW_1_5;CONSERVATIVE_EV_BELOW_1_5,,,,,false,ALT_SHADOW_REJECTED,full_game,2026-08-14T17:48:46.511965-04:00
WNBA,WNBA,2c0472374a8431b56a1ef85fed8792259c12cbb5,2026-08-15T02:00:00+00:00,PDX @ SEA,TOTAL,GAMELINE,TOTAL,PDX @ SEA TOTAL OVER 162.5,OVER,,,,16b88431d1fc228316527156a32a7938df78417a,13ee284c201c65ab0a1500088c50bd218740f24b,162.5,DraftKings,-720,1.1389,0.87805,100.0,90.0,,0.785714,0.619416,-25.863,-29.455,73.165,REJECTED,CONSERVATIVE_EDGE_BELOW_1_5;CONSERVATIVE_EV_BELOW_1_5,,,,,false,ALT_SHADOW_REJECTED,full_game,2026-08-14T17:52:13.851220-04:00
MLB,MLB,ef20c401baa5b5cd51eab647418980093a9acd9a,2026-08-14T22:40:00+00:00,BOS @ PIT,SPREAD,GAMELINE,SPREAD,BOS +3,AWAY,BOS,,,c115ec421753a54d5929ca191f83f8c3e3e2e224,870937f502c4c931bfa20e9678e5250edb537fdf,3.0,DraftKings,-730,1.137,0.87952,100.0,90.0,,0.785714,0.619416,-26.01,-29.572,73.165,REJECTED,CONSERVATIVE_EDGE_BELOW_1_5;CONSERVATIVE_EV_BELOW_1_5,,,,,false,ALT_SHADOW_REJECTED,full_game,2026-08-14T17:48:46.511965-04:00
MLB,MLB,6db6568d134f5df21219209469036a5e0afb6764,2026-08-14T23:10:00+00:00,BAL @ TB,SPREAD,GAMELINE,SPREAD,TB +3,HOME,TB,,,9ab5071dfae75d08fbe76eb8985a00ec2f42e0e7,95435269b5844e7b3e5362cf8c73788c6ddcb7fb,3.0,DraftKings,-730,1.137,0.87952,100.0,90.0,,0.785714,0.619416,-26.01,-29.572,73.165,REJECTED,CONSERVATIVE_EDGE_BELOW_1_5;CONSERVATIVE_EV_BELOW_1_5,,,,,false,ALT_SHADOW_REJECTED,full_game,2026-08-14T17:48:46.511965-04:00
WNBA,WNBA,2c0472374a8431b56a1ef85fed8792259c12cbb5,2026-08-15T02:00:00+00:00,PDX @ SEA,TOTAL,GAMELINE,TOTAL,PDX @ SEA TOTAL OVER 168.5,OVER,,,,16b88431d1fc228316527156a32a7938df78417a,e7024dda0213669e8458cd477e2d4ac415fe6504,168.5,Fanatics,-340,1.2941,0.77273,80.0,80.0,,0.714286,0.543686,-22.904,-29.642,64.621,REJECTED,CONSERVATIVE_EDGE_BELOW_1_5;CONSERVATIVE_EV_BELOW_1_5,,,,,false,ALT_SHADOW_REJECTED,full_game,2026-08-14T17:52:13.851220-04:00
MLB,MLB,488b3d2d3f8e214c64f3d2f237418aa9f74fbe3b,2026-08-15T01:38:00+00:00,KC @ LAA,TOTAL,TEAM_PROP,RUNS,KC RUNS OVER 1.5,OVER,KC,,,232c17e6a06300b43d10abf38ea368bb037893a2,43b389b57d8de8e001c7f3dab8e84c065767dca1,1.5,DraftKings,-750,1.1333,0.88235,100.0,90.0,,0.785714,0.619416,-26.293,-29.802,73.165,REJECTED,CONSERVATIVE_EDGE_BELOW_1_5;CONSERVATIVE_EV_BELOW_1_5,,,,,false,ALT_SHADOW_REJECTED,full_game,2026-08-14T17:48:46.511965-04:00
MLB,MLB,f0ccaafc838af31a96ed2832f49e52f61c23b38f,2026-08-14T23:10:00+00:00,WSH @ NYM,TOTAL,GAMELINE,TOTAL,WSH @ NYM TOTAL OVER 6.0,OVER,,,,e5b249e95c9b178083c1ddb167199f8a3d177444,5b11567383ec30732927d59c003b4b8fd99b895b,6.0,Fanatics,-350,1.2857,0.77778,80.0,80.0,,0.714286,0.543686,-23.409,-30.098,64.621,REJECTED,CONSERVATIVE_EDGE_BELOW_1_5;CONSERVATIVE_EV_BELOW_1_5,,,,,false,ALT_SHADOW_REJECTED,full_game,2026-08-14T17:48:46.511965-04:00
MLB,MLB,6db6568d134f5df21219209469036a5e0afb6764,2026-08-14T23:10:00+00:00,BAL @ TB,TOTAL,TEAM_PROP,RUNS,TB RUNS OVER 2.5,OVER,TB,,,028894a411e1dc1c54f8d0ee97cb319b510901cd,f51da9639930e6a1534ca2a18cb0b71f5da43b21,2.5,DraftKings,-350,1.2857,0.77778,100.0,80.0,,0.714286,0.543686,-23.409,-30.098,64.621,REJECTED,CONSERVATIVE_EDGE_BELOW_1_5;CONSERVATIVE_EV_BELOW_1_5,,,,,false,ALT_SHADOW_REJECTED,full_game,2026-08-14T17:48:46.511965-04:00
WNBA,WNBA,2c0472374a8431b56a1ef85fed8792259c12cbb5,2026-08-15T02:00:00+00:00,PDX @ SEA,SPREAD,GAMELINE,SPREAD,PDX +10,AWAY,PDX,,,26b606d2a0c171236c149b78fc1e026c6914c49d,32c9556f99e6873e4cd6170776a447ac1ec9a914,10.0,Fanatics,-350,1.2857,0.77778,80.0,80.0,,0.714286,0.543686,-23.409,-30.098,64.621,REJECTED,CONSERVATIVE_EDGE_BELOW_1_5;CONSERVATIVE_EV_BELOW_1_5,,,,,false,ALT_SHADOW_REJECTED,full_game,2026-08-14T17:52:13.851220-04:00
WNBA,WNBA,2c0472374a8431b56a1ef85fed8792259c12cbb5,2026-08-15T02:00:00+00:00,PDX @ SEA,TOTAL,TEAM_PROP,POINTS,SEA POINTS OVER 84.5,OVER,SEA,,,86040774099aa93f53835857f8b0080de5a51309,03cd963ecdcb72b29dd2fe24a4fa7c066a7655e8,84.5,Fanatics,-350,1.2857,0.77778,80.0,80.0,,0.714286,0.543686,-23.409,-30.098,64.621,REJECTED,CONSERVATIVE_EDGE_BELOW_1_5;CONSERVATIVE_EV_BELOW_1_5,,,,,false,ALT_SHADOW_REJECTED,full_game,2026-08-14T17:52:13.851220-04:00
MLB,MLB,2889bff916cde60cbaab35f182f0068192b7dd44,2026-08-14T23:15:00+00:00,ARI @ ATL,TOTAL,GAMELINE,TOTAL,ARI @ ATL TOTAL UNDER 11.0,UNDER,,,,fbb6b1aefd9326073c9866f74f184811844ccc12,14aa2f1425a557df953642026efb65de1f164a68,11.0,Fanatics,-350,1.2857,0.77778,80.0,80.0,,0.714286,0.543686,-23.409,-30.098,64.621,REJECTED,CONSERVATIVE_EDGE_BELOW_1_5;CONSERVATIVE_EV_BELOW_1_5,,,,,false,ALT_SHADOW_REJECTED,full_game,2026-08-14T17:48:46.511965-04:00
MLB,MLB,0ca4cb92aa874e95044a13829b554bd5fb96a8d1,2026-08-14T22:40:00+00:00,CWS @ DET,TOTAL,TEAM_PROP,RUNS,DET RUNS OVER 2.5,OVER,DET,,,ba99c7fcda61d13e66befc1e5947055f486ec199,72f26de3a64fd27a53057d3551ad48d7fa942ec6,2.5,Midnite,-350,1.2857,0.77778,100.0,80.0,,0.714286,0.543686,-23.409,-30.098,64.621,REJECTED,CONSERVATIVE_EDGE_BELOW_1_5;CONSERVATIVE_EV_BELOW_1_5,,,,,false,ALT_SHADOW_REJECTED,full_game,2026-08-14T17:48:46.511965-04:00
MLB,MLB,8a105b91f1d12e353b0236f2f946c271af63c996,2026-08-14T23:15:00+00:00,NYY @ TOR,SPREAD,GAMELINE,SPREAD,NYY +2,AWAY,NYY,,,c54a8aff5dc6e303037d96f84447d1c8a6b98e8a,7334155ee861a71c1282c3cd0ff8af2557f3c255,2.0,DraftKings,-576,1.1736,0.85207,100.0,88.889,,0.769232,0.594731,-25.734,-30.202,71.239,REJECTED,CONSERVATIVE_EDGE_BELOW_1_5;CONSERVATIVE_EV_BELOW_1_5,,,,,false,ALT_SHADOW_REJECTED,full_game,2026-08-14T17:48:46.511965-04:00
MLB,MLB,e88e813157c3cc8b6fc6ba7b14140ce20f3397d8,2026-08-15T02:10:00+00:00,MIL @ LAD,TOTAL,GAMELINE,TOTAL,MIL @ LAD TOTAL OVER 4.0,OVER,,,,9b7f34f352096990dab7fafd92c4928db206a02b,68bfbd036ae54de935da30646d66fd78e1b82ccf,4.0,Fanatics,-800,1.125,0.88889,100.0,90.0,,0.785714,0.619416,-26.947,-30.316,73.165,REJECTED,CONSERVATIVE_EDGE_BELOW_1_5;CONSERVATIVE_EV_BELOW_1_5,,,,,false,ALT_SHADOW_REJECTED,full_game,2026-08-14T17:48:46.511965-04:00
MLB,MLB,e88e813157c3cc8b6fc6ba7b14140ce20f3397d8,2026-08-15T02:10:00+00:00,MIL @ LAD,TOTAL,TEAM_PROP,TOTAL,LAD TOTAL OVER 1.5,OVER,LAD,,,5af8527a71d02c1fde324d713dc73236efcbb64a,b798ed6e0e9e3e4686a9e081f65872f353a64804,1.5,betmgm,-800.0,1.125,0.88889,,90.0,,0.785714,0.619416,-26.947,-30.316,73.165,REJECTED,CONSERVATIVE_EDGE_BELOW_1_5;CONSERVATIVE_EV_BELOW_1_5,,,,,false,ALT_SHADOW_REJECTED,full_game,2026-08-14T17:48:46.511965-04:00
MLB,MLB,8a105b91f1d12e353b0236f2f946c271af63c996,2026-08-14T23:15:00+00:00,NYY @ TOR,TOTAL,TEAM_PROP,RUNS,TOR RUNS UNDER 6.5,UNDER,TOR,,,4d2a1c064fbf8ec3e8b59506e48e532f905a0b69,09803dc3a0bec4bc10027319eafff18fa013631d,6.5,Midnite,-800,1.125,0.88889,100.0,90.0,,0.785714,0.619416,-26.947,-30.316,73.165,REJECTED,CONSERVATIVE_EDGE_BELOW_1_5;CONSERVATIVE_EV_BELOW_1_5,,,,,false,ALT_SHADOW_REJECTED,full_game,2026-08-14T17:48:46.511965-04:00
WNBA,WNBA,2c0472374a8431b56a1ef85fed8792259c12cbb5,2026-08-15T02:00:00+00:00,PDX @ SEA,TOTAL,TEAM_PROP,POINTS,SEA POINTS OVER 81.5,OVER,SEA,,,86040774099aa93f53835857f8b0080de5a51309,471a534423e534cd95935b343dc79efc7226cae5,81.5,Midnite,-800,1.125,0.88889,100.0,90.0,,0.785714,0.619416,-26.947,-30.316,73.165,REJECTED,CONSERVATIVE_EDGE_BELOW_1_5;CONSERVATIVE_EV_BELOW_1_5,,,,,false,ALT_SHADOW_REJECTED,full_game,2026-08-14T17:52:13.851220-04:00
MLB,MLB,0a0695b5ceedd8e03ad7fc7168e13abaaa63c4c4,2026-08-15T02:15:00+00:00,COL @ SF,TOTAL,GAMELINE,TOTAL,COL @ SF TOTAL OVER 3.5,OVER,,,,c826802d8781b4c00a93007b1567d7127ff85bcf,9431bc51dc75fae78dac37bf6cb02026fa1431c1,3.5,Fanatics,-800,1.125,0.88889,80.0,90.0,,0.785714,0.619416,-26.947,-30.316,70.665,REJECTED,CONSERVATIVE_EDGE_BELOW_1_5;CONSERVATIVE_EV_BELOW_1_5,,,,,false,ALT_SHADOW_REJECTED,full_game,2026-08-14T17:48:46.511965-04:00
WNBA,WNBA,2c0472374a8431b56a1ef85fed8792259c12cbb5,2026-08-15T02:00:00+00:00,PDX @ SEA,TOTAL,GAMELINE,TOTAL,PDX @ SEA TOTAL OVER 161.5,OVER,,,,16b88431d1fc228316527156a32a7938df78417a,bfd703069631f14f5047177f05bbf0b2381c7662,161.5,DraftKings,-810,1.1235,0.89011,100.0,90.0,,0.785714,0.619416,-27.069,-30.409,73.165,REJECTED,CONSERVATIVE_EDGE_BELOW_1_5;CONSERVATIVE_EV_BELOW_1_5,,,,,false,ALT_SHADOW_REJECTED,full_game,2026-08-14T17:52:13.851220-04:00
MLB,MLB,8a105b91f1d12e353b0236f2f946c271af63c996,2026-08-14T23:15:00+00:00,NYY @ TOR,SPREAD,GAMELINE,SPREAD,TOR +5.5,HOME,TOR,,,c54a8aff5dc6e303037d96f84447d1c8a6b98e8a,5d2ad0c1926b61cae1a29ff1702e59a6ece2b89a,5.5,Fanatics,-850,1.1176,0.89474,80.0,90.0,,0.785714,0.619416,-27.532,-30.774,70.665,REJECTED,CONSERVATIVE_EDGE_BELOW_1_5;CONSERVATIVE_EV_BELOW_1_5,,,,,false,ALT_SHADOW_REJECTED,full_game,2026-08-14T17:48:46.511965-04:00
MLB,MLB,f0ccaafc838af31a96ed2832f49e52f61c23b38f,2026-08-14T23:10:00+00:00,WSH @ NYM,TOTAL,GAMELINE,TOTAL,WSH @ NYM TOTAL OVER 5.5,OVER,,,,e5b249e95c9b178083c1ddb167199f8a3d177444,21d5b616009319b664e27146f03d1e7375f1220c,5.5,Fanatics,-375,1.2667,0.78947,80.0,80.0,,0.714286,0.543686,-24.578,-31.131,64.621,REJECTED,CONSERVATIVE_EDGE_BELOW_1_5;CONSERVATIVE_EV_BELOW_1_5,,,,,false,ALT_SHADOW_REJECTED,full_game,2026-08-14T17:48:46.511965-04:00
MLB,MLB,8a105b91f1d12e353b0236f2f946c271af63c996,2026-08-14T23:15:00+00:00,NYY @ TOR,TOTAL,GAMELINE,TOTAL,NYY @ TOR TOTAL UNDER 11.0,UNDER,,,,9a872c401b40e7fa74b2fe50edcd811e98d99b7a,16c5ccf5d8fdc8cb29ba52790f91bb667890c937,11.0,Fanatics,-375,1.2667,0.78947,80.0,80.0,,0.714286,0.543686,-24.578,-31.131,64.621,REJECTED,CONSERVATIVE_EDGE_BELOW_1_5;CONSERVATIVE_EV_BELOW_1_5,,,,,false,ALT_SHADOW_REJECTED,full_game,2026-08-14T17:48:46.511965-04:00
MLB,MLB,8a105b91f1d12e353b0236f2f946c271af63c996,2026-08-14T23:15:00+00:00,NYY @ TOR,TOTAL,TEAM_PROP,RUNS,NYY RUNS UNDER 6.5,UNDER,NYY,,,ef490adcb10f27154bea5a26c70119e579b118b4,46f62fe3b17d5775e9953fa8e123ca5ff60245fe,6.5,Hard Rock,-375,1.2667,0.78947,80.0,80.0,,0.714286,0.543686,-24.578,-31.131,64.621,REJECTED,CONSERVATIVE_EDGE_BELOW_1_5;CONSERVATIVE_EV_BELOW_1_5,,,,,false,ALT_SHADOW_REJECTED,full_game,2026-08-14T17:48:46.511965-04:00
MLB,MLB,488b3d2d3f8e214c64f3d2f237418aa9f74fbe3b,2026-08-15T01:38:00+00:00,KC @ LAA,SPREAD,GAMELINE,SPREAD,KC +2.5,AWAY,KC,,,d621f8e0e27a6d47671d60749dd5e0f71973d479,c35f5a9e940c98f35083819e84c4d8b23ed1f0f3,2.5,Fanatics,-375,1.2667,0.78947,80.0,80.0,,0.714286,0.543686,-24.578,-31.131,64.621,REJECTED,CONSERVATIVE_EDGE_BELOW_1_5;CONSERVATIVE_EV_BELOW_1_5,,,,,false,ALT_SHADOW_REJECTED,full_game,2026-08-14T17:48:46.511965-04:00
MLB,MLB,36ff8623e428995786e706503854ba8fc1c26140,2026-08-15T00:10:00+00:00,SEA @ HOU,TOTAL,GAMELINE,TOTAL,SEA @ HOU TOTAL UNDER 11.5,UNDER,,,,56d54017dd21ab6226bd746df2b0e3c06ecfd26e,963ee97646539dc0bf62e03cba92cc250edd7c51,11.5,Fanatics,-375,1.2667,0.78947,80.0,80.0,,0.714286,0.543686,-24.578,-31.131,64.621,REJECTED,CONSERVATIVE_EDGE_BELOW_1_5;CONSERVATIVE_EV_BELOW_1_5,,,,,false,ALT_SHADOW_REJECTED,full_game,2026-08-14T17:48:46.511965-04:00
WNBA,WNBA,2c0472374a8431b56a1ef85fed8792259c12cbb5,2026-08-15T02:00:00+00:00,PDX @ SEA,TOTAL,GAMELINE,TOTAL,PDX @ SEA TOTAL OVER 167.5,OVER,,,,16b88431d1fc228316527156a32a7938df78417a,a507c23b1430f805fc596fd784221aaf25d3e515,167.5,Fanatics,-375,1.2667,0.78947,80.0,80.0,,0.714286,0.543686,-24.578,-31.131,64.621,REJECTED,CONSERVATIVE_EDGE_BELOW_1_5;CONSERVATIVE_EV_BELOW_1_5,,,,,false,ALT_SHADOW_REJECTED,full_game,2026-08-14T17:52:13.851220-04:00
WNBA,WNBA,2c0472374a8431b56a1ef85fed8792259c12cbb5,2026-08-15T02:00:00+00:00,PDX @ SEA,TOTAL,TEAM_PROP,POINTS,PDX POINTS OVER 81.5,OVER,PDX,,,b51b8b3913f382b10d00ef9b11e6a9c68801e20b,48a31768f071fece05fd0855d2867ba18cd1b253,81.5,Fanatics,-375,1.2667,0.78947,80.0,80.0,,0.714286,0.543686,-24.578,-31.131,64.621,REJECTED,CONSERVATIVE_EDGE_BELOW_1_5;CONSERVATIVE_EV_BELOW_1_5,,,,,false,ALT_SHADOW_REJECTED,full_game,2026-08-14T17:52:13.851220-04:00
WNBA,WNBA,2c0472374a8431b56a1ef85fed8792259c12cbb5,2026-08-15T02:00:00+00:00,PDX @ SEA,TOTAL,TEAM_PROP,POINTS,SEA POINTS UNDER 98.5,UNDER,SEA,,,86040774099aa93f53835857f8b0080de5a51309,6fb2d61c51d5376dacb39c7c9797d7b4a66adb10,98.5,Fanatics,-375,1.2667,0.78947,100.0,80.0,,0.714286,0.543686,-24.578,-31.131,64.621,REJECTED,CONSERVATIVE_EDGE_BELOW_1_5;CONSERVATIVE_EV_BELOW_1_5,,,,,false,ALT_SHADOW_REJECTED,full_game,2026-08-14T17:52:13.851220-04:00
MLB,MLB,f0ccaafc838af31a96ed2832f49e52f61c23b38f,2026-08-14T23:10:00+00:00,WSH @ NYM,SPREAD,GAMELINE,SPREAD,NYM +4.5,HOME,NYM,,,96397963a05a155080095eb9b111633f55da341a,9804eb3ab72181dce14517597a9de1bfb0aea097,4.5,Midnite,-900,1.1111,0.9,80.0,90.0,,0.785714,0.619416,-28.058,-31.177,70.665,REJECTED,CONSERVATIVE_EDGE_BELOW_1_5;CONSERVATIVE_EV_BELOW_1_5,,,,,false,ALT_SHADOW_REJECTED,full_game,2026-08-14T17:48:46.511965-04:00
MLB,MLB,36ff8623e428995786e706503854ba8fc1c26140,2026-08-15T00:10:00+00:00,SEA @ HOU,SPREAD,GAMELINE,SPREAD,HOU +4.5,HOME,HOU,,,a20fc65b51b1616923929e1fe176d7e060e6feb7,f337f8c9b700da21ad15fa39fff30339fa1778fe,4.5,Midnite,-900,1.1111,0.9,80.0,90.0,,0.785714,0.619416,-28.058,-31.177,70.665,REJECTED,CONSERVATIVE_EDGE_BELOW_1_5;CONSERVATIVE_EV_BELOW_1_5,,,,,false,ALT_SHADOW_REJECTED,full_game,2026-08-14T17:48:46.511965-04:00
MLB,MLB,0a0695b5ceedd8e03ad7fc7168e13abaaa63c4c4,2026-08-15T02:15:00+00:00,COL @ SF,SPREAD,GAMELINE,SPREAD,COL +4.5,AWAY,COL,,,dc2544e8ee81c215ff8c63d4a8b4a9db7a4d8155,f297d79a696bdbe6f7b064c4a446ac289dbeb978,4.5,Fanatics,-900,1.1111,0.9,80.0,90.0,,0.785714,0.619416,-28.058,-31.177,70.665,REJECTED,CONSERVATIVE_EDGE_BELOW_1_5;CONSERVATIVE_EV_BELOW_1_5,,,,,false,ALT_SHADOW_REJECTED,full_game,2026-08-14T17:48:46.511965-04:00
MLB,MLB,2c5d4a3cdd2afb7caff13b8a2fdb0368eb059acc,2026-08-14T22:10:00+00:00,MIA @ CIN,PLAYER_PROP,PLAYER_PROP,2B,Joe Mack 2B UNDER 0.5,UNDER,MIA,Joe Mack,,1a5defeb3282f6ecb85e18776849212202c00a33,f2f6ec681ab647d28dbf7b10ba14bd251a7ed202,0.5,DraftKings,-990,1.10101,0.908257,100.0,90.0,92.0,0.790714,0.624888,-28.337,-31.199,73.793,REJECTED,CONSERVATIVE_EDGE_BELOW_1_5;CONSERVATIVE_EV_BELOW_1_5,,,,,false,ALT_SHADOW_REJECTED,full_game,
WNBA,WNBA,2c0472374a8431b56a1ef85fed8792259c12cbb5,2026-08-15T02:00:00+00:00,PDX @ SEA,TOTAL,GAMELINE,TOTAL,PDX @ SEA TOTAL OVER 160.5,OVER,,,,16b88431d1fc228316527156a32a7938df78417a,c735ca5a6f9768f894ee5d29b3d246397896115e,160.5,DraftKings,-920,1.1087,0.90196,100.0,90.0,,0.785714,0.619416,-28.254,-31.325,73.165,REJECTED,CONSERVATIVE_EDGE_BELOW_1_5;CONSERVATIVE_EV_BELOW_1_5,,,,,false,ALT_SHADOW_REJECTED,full_game,2026-08-14T17:52:13.851220-04:00
WNBA,WNBA,2c0472374a8431b56a1ef85fed8792259c12cbb5,2026-08-15T02:00:00+00:00,PDX @ SEA,SPREAD,GAMELINE,SPREAD,PDX +14,AWAY,PDX,,,26b606d2a0c171236c149b78fc1e026c6914c49d,6fd43ef614350e7b9d408b92da851777f2b2528e,14.0,Fanatics,-650,1.1538,0.86667,80.0,88.889,,0.769232,0.594731,-27.194,-31.38,69.017,REJECTED,CONSERVATIVE_EDGE_BELOW_1_5;CONSERVATIVE_EV_BELOW_1_5,,,,,false,ALT_SHADOW_REJECTED,full_game,2026-08-14T17:52:13.851220-04:00
MLB,MLB,36ff8623e428995786e706503854ba8fc1c26140,2026-08-15T00:10:00+00:00,SEA @ HOU,SPREAD,GAMELINE,SPREAD,HOU +4,HOME,HOU,,,a20fc65b51b1616923929e1fe176d7e060e6feb7,a1b9e953c96646bc163b010960e5b2bed518a96f,4.0,DraftKings,-930,1.1075,0.90291,80.0,90.0,,0.785714,0.619416,-28.349,-31.4,70.665,REJECTED,CONSERVATIVE_EDGE_BELOW_1_5;CONSERVATIVE_EV_BELOW_1_5,,,,,false,ALT_SHADOW_REJECTED,full_game,2026-08-14T17:48:46.511965-04:00
MLB,MLB,8a105b91f1d12e353b0236f2f946c271af63c996,2026-08-14T23:15:00+00:00,NYY @ TOR,SPREAD,GAMELINE,SPREAD,NYY +3.5,AWAY,NYY,,,c54a8aff5dc6e303037d96f84447d1c8a6b98e8a,b99768e535c500a1dcbc98c62eeed59355d1fb2c,3.5,Fanatics,-950,1.1053,0.90476,100.0,90.0,,0.785714,0.619416,-28.534,-31.536,73.165,REJECTED,CONSERVATIVE_EDGE_BELOW_1_5;CONSERVATIVE_EV_BELOW_1_5,,,,,false,ALT_SHADOW_REJECTED,full_game,2026-08-14T17:48:46.511965-04:00
MLB,MLB,7fcdba132025d708ccb897487bbdf70ae514ed86,2026-08-14T23:10:00+00:00,SD @ CLE,SPREAD,GAMELINE,SPREAD,SD +4.5,AWAY,SD,,,9fb9da8a2b32174089d4bcca8974c5a40cc55412,53226c022f68af31f7e247e811333f0c11f5860f,4.5,Fanatics,-950,1.1053,0.90476,100.0,90.0,,0.785714,0.619416,-28.534,-31.536,73.165,REJECTED,CONSERVATIVE_EDGE_BELOW_1_5;CONSERVATIVE_EV_BELOW_1_5,,,,,false,ALT_SHADOW_REJECTED,full_game,2026-08-14T17:48:46.511965-04:00
MLB,MLB,6db6568d134f5df21219209469036a5e0afb6764,2026-08-14T23:10:00+00:00,BAL @ TB,SPREAD,GAMELINE,SPREAD,BAL +5.5,AWAY,BAL,,,9ab5071dfae75d08fbe76eb8985a00ec2f42e0e7,4d5f690560eaaffbc10e9edb84f6236e0b507eaa,5.5,Fanatics,-950,1.1053,0.90476,100.0,90.0,,0.785714,0.619416,-28.534,-31.536,73.165,REJECTED,CONSERVATIVE_EDGE_BELOW_1_5;CONSERVATIVE_EV_BELOW_1_5,,,,,false,ALT_SHADOW_REJECTED,full_game,2026-08-14T17:48:46.511965-04:00
MLB,MLB,e88e813157c3cc8b6fc6ba7b14140ce20f3397d8,2026-08-15T02:10:00+00:00,MIL @ LAD,SPREAD,GAMELINE,SPREAD,MIL +5.5,AWAY,MIL,,,f94d099e63f4a716463b46fd30e8804f3e71372f,37500241396f1c9bc88c62038221f39264802946,5.5,Fanatics,-950,1.1053,0.90476,80.0,90.0,,0.785714,0.619416,-28.534,-31.536,70.665,REJECTED,CONSERVATIVE_EDGE_BELOW_1_5;CONSERVATIVE_EV_BELOW_1_5,,,,,false,ALT_SHADOW_REJECTED,full_game,2026-08-14T17:48:46.511965-04:00
MLB,MLB,2889bff916cde60cbaab35f182f0068192b7dd44,2026-08-14T23:15:00+00:00,ARI @ ATL,TOTAL,TEAM_PROP,RUNS,ARI RUNS OVER 1.5,OVER,ARI,,,ee6ff4bc373f4f8b6bafa0718d9b60a0759df443,4707822fd9702a732fd60c4ccdfa257bfc731c7d,1.5,DraftKings,-390,1.2564,0.79592,80.0,80.0,,0.714286,0.543686,-25.223,-31.691,64.621,REJECTED,CONSERVATIVE_EDGE_BELOW_1_5;CONSERVATIVE_EV_BELOW_1_5,,,,,false,ALT_SHADOW_REJECTED,full_game,2026-08-14T17:48:46.511965-04:00
MLB,MLB,2889bff916cde60cbaab35f182f0068192b7dd44,2026-08-14T23:15:00+00:00,ARI @ ATL,TOTAL,TEAM_PROP,RUNS,ATL RUNS UNDER 8.5,UNDER,ATL,,,9da247bf8dc5946da70a29f3a5f82db01a5d7d8d,417c477a3d5adbbd5b6d358fdccaed08e97f45f0,8.5,DraftKings,-1000,1.1,0.90909,100.0,90.0,,0.785714,0.619416,-28.967,-31.864,73.165,REJECTED,CONSERVATIVE_EDGE_BELOW_1_5;CONSERVATIVE_EV_BELOW_1_5,,,,,false,ALT_SHADOW_REJECTED,full_game,2026-08-14T17:48:46.511965-04:00
MLB,MLB,6db6568d134f5df21219209469036a5e0afb6764,2026-08-14T23:10:00+00:00,BAL @ TB,TOTAL,TEAM_PROP,RUNS,BAL RUNS UNDER 7.5,UNDER,BAL,,,b9c51649dea61d86277ae9d8555c0e7a6a03c94d,ef5af22e52fba9d4824b179b66b64a5e1ee83f75,7.5,DraftKings,-1000,1.1,0.90909,80.0,90.0,,0.785714,0.619416,-28.967,-31.864,70.665,REJECTED,CONSERVATIVE_EDGE_BELOW_1_5;CONSERVATIVE_EV_BELOW_1_5,,,,,false,ALT_SHADOW_REJECTED,full_game,2026-08-14T17:48:46.511965-04:00
WNBA,WNBA,2c0472374a8431b56a1ef85fed8792259c12cbb5,2026-08-15T02:00:00+00:00,PDX @ SEA,SPREAD,GAMELINE,SPREAD,PDX +11.5,AWAY,PDX,,,26b606d2a0c171236c149b78fc1e026c6914c49d,2781345fb3440026b899c0f1447c13114121ae41,11.5,DraftKings,-395,1.2532,0.79798,80.0,80.0,,0.714286,0.543686,-25.429,-31.865,64.621,REJECTED,CONSERVATIVE_EDGE_BELOW_1_5;CONSERVATIVE_EV_BELOW_1_5,,,,,false,ALT_SHADOW_REJECTED,full_game,2026-08-14T17:52:13.851220-04:00
WNBA,WNBA,ce28e39e53f06c32668c3d703ee9067eed9ba577,2026-08-14T23:30:00+00:00,DAL @ IND,TOTAL,TEAM_PROP,POINTS,DAL POINTS UNDER 96.5,UNDER,DAL,,,32ce35412c6b1d7b9bf6f3d843ffffe07278a6e9,d27eda79f88fffff275181bb0ff33c7a4fa3fa49,96.5,Fanatics,-400,1.25,0.8,100.0,80.0,,0.714286,0.543686,-25.631,-32.039,64.621,REJECTED,CONSERVATIVE_EDGE_BELOW_1_5;CONSERVATIVE_EV_BELOW_1_5,,,,,false,ALT_SHADOW_REJECTED,full_game,2026-08-14T17:52:13.851220-04:00
WNBA,WNBA,ce28e39e53f06c32668c3d703ee9067eed9ba577,2026-08-14T23:30:00+00:00,DAL @ IND,TOTAL,TEAM_PROP,POINTS,IND POINTS OVER 89.5,OVER,IND,,,53067f52f14aff3042f8731b9736621ee46f23dc,5c621f641229c2d5d62c6df994071169020bed6c,89.5,Fanatics,-400,1.25,0.8,80.0,80.0,,0.714286,0.543686,-25.631,-32.039,64.621,REJECTED,CONSERVATIVE_EDGE_BELOW_1_5;CONSERVATIVE_EV_BELOW_1_5,,,,,false,ALT_SHADOW_REJECTED,full_game,2026-08-14T17:52:13.851220-04:00
WNBA,WNBA,2c0472374a8431b56a1ef85fed8792259c12cbb5,2026-08-15T02:00:00+00:00,PDX @ SEA,SPREAD,GAMELINE,SPREAD,PDX +11,AWAY,PDX,,,26b606d2a0c171236c149b78fc1e026c6914c49d,f3cb182842ccd73d0b4bcafc40d223e68a4f6146,11.0,Fanatics,-400,1.25,0.8,80.0,80.0,,0.714286,0.543686,-25.631,-32.039,64.621,REJECTED,CONSERVATIVE_EDGE_BELOW_1_5;CONSERVATIVE_EV_BELOW_1_5,,,,,false,ALT_SHADOW_REJECTED,full_game,2026-08-14T17:52:13.851220-04:00
MLB,MLB,2889bff916cde60cbaab35f182f0068192b7dd44,2026-08-14T23:15:00+00:00,ARI @ ATL,TOTAL,GAMELINE,TOTAL,ARI @ ATL TOTAL UNDER 11.5,UNDER,,,,fbb6b1aefd9326073c9866f74f184811844ccc12,75cdda9505fd6da77da42561e4df937dc0ec7aea,11.5,Fanatics,-400,1.25,0.8,80.0,80.0,,0.714286,0.543686,-25.631,-32.039,64.621,REJECTED,CONSERVATIVE_EDGE_BELOW_1_5;CONSERVATIVE_EV_BELOW_1_5,,,,,false,ALT_SHADOW_REJECTED,full_game,2026-08-14T17:48:46.511965-04:00
MLB,MLB,2889bff916cde60cbaab35f182f0068192b7dd44,2026-08-14T23:15:00+00:00,ARI @ ATL,TOTAL,TEAM_PROP,RUNS,ATL RUNS OVER 2.5,OVER,ATL,,,9da247bf8dc5946da70a29f3a5f82db01a5d7d8d,cb47859b07f93e90dc5b326be1ff46fcc760ba69,2.5,Midnite,-400,1.25,0.8,80.0,80.0,,0.714286,0.543686,-25.631,-32.039,64.621,REJECTED,CONSERVATIVE_EDGE_BELOW_1_5;CONSERVATIVE_EV_BELOW_1_5,,,,,false,ALT_SHADOW_REJECTED,full_game,2026-08-14T17:48:46.511965-04:00
MLB,MLB,8a105b91f1d12e353b0236f2f946c271af63c996,2026-08-14T23:15:00+00:00,NYY @ TOR,TOTAL,GAMELINE,TOTAL,NYY @ TOR TOTAL UNDER 11.5,UNDER,,,,9a872c401b40e7fa74b2fe50edcd811e98d99b7a,35086445347cc7418dd36efff54076e403af5077,11.5,Fanatics,-425,1.2353,0.80952,80.0,80.0,,0.714286,0.543686,-26.583,-32.838,64.621,REJECTED,CONSERVATIVE_EDGE_BELOW_1_5;CONSERVATIVE_EV_BELOW_1_5,,,,,false,ALT_SHADOW_REJECTED,full_game,2026-08-14T17:48:46.511965-04:00
MLB,MLB,488b3d2d3f8e214c64f3d2f237418aa9f74fbe3b,2026-08-15T01:38:00+00:00,KC @ LAA,SPREAD,GAMELINE,SPREAD,LAA +3.5,HOME,LAA,,,d621f8e0e27a6d47671d60749dd5e0f71973d479,5011aa2016a1b50f3742b24cb93bb7744b1c3f45,3.5,Fanatics,-425,1.2353,0.80952,80.0,80.0,,0.714286,0.543686,-26.583,-32.838,64.621,REJECTED,CONSERVATIVE_EDGE_BELOW_1_5;CONSERVATIVE_EV_BELOW_1_5,,,,,false,ALT_SHADOW_REJECTED,full_game,2026-08-14T17:48:46.511965-04:00
WNBA,WNBA,2c0472374a8431b56a1ef85fed8792259c12cbb5,2026-08-15T02:00:00+00:00,PDX @ SEA,TOTAL,GAMELINE,TOTAL,PDX @ SEA TOTAL OVER 166.5,OVER,,,,16b88431d1fc228316527156a32a7938df78417a,72d1c97f83baa2d74c628ef459d31be069823752,166.5,DraftKings,-425,1.2353,0.80952,80.0,80.0,,0.714286,0.543686,-26.583,-32.838,64.621,REJECTED,CONSERVATIVE_EDGE_BELOW_1_5;CONSERVATIVE_EV_BELOW_1_5,,,,,false,ALT_SHADOW_REJECTED,full_game,2026-08-14T17:52:13.851220-04:00
WNBA,WNBA,2c0472374a8431b56a1ef85fed8792259c12cbb5,2026-08-15T02:00:00+00:00,PDX @ SEA,TOTAL,TEAM_PROP,POINTS,SEA POINTS OVER 83.5,OVER,SEA,,,86040774099aa93f53835857f8b0080de5a51309,85c590f5cf33898fd5546c7a870063f5aef42e14,83.5,Fanatics,-425,1.2353,0.80952,80.0,80.0,,0.714286,0.543686,-26.583,-32.838,64.621,REJECTED,CONSERVATIVE_EDGE_BELOW_1_5;CONSERVATIVE_EV_BELOW_1_5,,,,,false,ALT_SHADOW_REJECTED,full_game,2026-08-14T17:52:13.851220-04:00
MLB,MLB,0a0695b5ceedd8e03ad7fc7168e13abaaa63c4c4,2026-08-15T02:15:00+00:00,COL @ SF,TOTAL,TEAM_PROP,RUNS,COL RUNS OVER 1.5,OVER,COL,,,81415504d2b600e0614c1215946708e8b8d4a849,60d8ad9ef6ec8cd2554dbfce8129d3588dfa72da,1.5,DraftKings,-425,1.2353,0.80952,80.0,80.0,,0.714286,0.543686,-26.583,-32.838,64.621,REJECTED,CONSERVATIVE_EDGE_BELOW_1_5;CONSERVATIVE_EV_BELOW_1_5,,,,,false,ALT_SHADOW_REJECTED,full_game,2026-08-14T17:48:46.511965-04:00
WNBA,WNBA,ce28e39e53f06c32668c3d703ee9067eed9ba577,2026-08-14T23:30:00+00:00,DAL @ IND,SPREAD,GAMELINE,SPREAD,IND +2.5,HOME,IND,,,69cbdd05c51aa1af4414d4627da4919ef384b30b,cea4d9000381a8579d5a4a0356aa5ba911bba737,2.5,Fanatics,-450,1.2222,0.81818,80.0,80.0,,0.714286,0.543686,-27.449,-33.551,64.621,REJECTED,CONSERVATIVE_EDGE_BELOW_1_5;CONSERVATIVE_EV_BELOW_1_5,,,,,false,ALT_SHADOW_REJECTED,full_game,2026-08-14T17:52:13.851220-04:00
WNBA,WNBA,ce28e39e53f06c32668c3d703ee9067eed9ba577,2026-08-14T23:30:00+00:00,DAL @ IND,TOTAL,TEAM_PROP,POINTS,DAL POINTS OVER 80.5,OVER,DAL,,,32ce35412c6b1d7b9bf6f3d843ffffe07278a6e9,abaa790ed1b8710b8e0e0721c8ba2ab5554b5e2a,80.5,Fanatics,-450,1.2222,0.81818,80.0,80.0,,0.714286,0.543686,-27.449,-33.551,64.621,REJECTED,CONSERVATIVE_EDGE_BELOW_1_5;CONSERVATIVE_EV_BELOW_1_5,,,,,false,ALT_SHADOW_REJECTED,full_game,2026-08-14T17:52:13.851220-04:00
WNBA,WNBA,ce28e39e53f06c32668c3d703ee9067eed9ba577,2026-08-14T23:30:00+00:00,DAL @ IND,TOTAL,TEAM_PROP,POINTS,DAL POINTS UNDER 97.5,UNDER,DAL,,,32ce35412c6b1d7b9bf6f3d843ffffe07278a6e9,2981b8873469d117624e850f54e63d818a2ad2f4,97.5,Fanatics,-450,1.2222,0.81818,100.0,80.0,,0.714286,0.543686,-27.449,-33.551,64.621,REJECTED,CONSERVATIVE_EDGE_BELOW_1_5;CONSERVATIVE_EV_BELOW_1_5,,,,,false,ALT_SHADOW_REJECTED,full_game,2026-08-14T17:52:13.851220-04:00
WNBA,WNBA,ce28e39e53f06c32668c3d703ee9067eed9ba577,2026-08-14T23:30:00+00:00,DAL @ IND,TOTAL,TEAM_PROP,POINTS,IND POINTS OVER 88.5,OVER,IND,,,53067f52f14aff3042f8731b9736621ee46f23dc,a0228e3f542ce215952f3ab8df1904849aa45cef,88.5,Fanatics,-450,1.2222,0.81818,80.0,80.0,,0.714286,0.543686,-27.449,-33.551,64.621,REJECTED,CONSERVATIVE_EDGE_BELOW_1_5;CONSERVATIVE_EV_BELOW_1_5,,,,,false,ALT_SHADOW_REJECTED,full_game,2026-08-14T17:52:13.851220-04:00
MLB,MLB,36ff8623e428995786e706503854ba8fc1c26140,2026-08-15T00:10:00+00:00,SEA @ HOU,TOTAL,TEAM_PROP,RUNS,HOU RUNS UNDER 6.5,UNDER,HOU,,,e4b853203fd31a4c52c5ca864e20edbc1e866a3f,62dd41f3e6f00d479a57a54140bd0ef3538d00c8,6.5,DraftKings,-450,1.2222,0.81818,100.0,80.0,,0.714286,0.543686,-27.449,-33.551,64.621,REJECTED,CONSERVATIVE_EDGE_BELOW_1_5;CONSERVATIVE_EV_BELOW_1_5,,,,,false,ALT_SHADOW_REJECTED,full_game,2026-08-14T17:48:46.511965-04:00
WNBA,WNBA,2c0472374a8431b56a1ef85fed8792259c12cbb5,2026-08-15T02:00:00+00:00,PDX @ SEA,TOTAL,TEAM_PROP,POINTS,SEA POINTS UNDER 99.5,UNDER,SEA,,,86040774099aa93f53835857f8b0080de5a51309,931c30acc7f5e56fc560148efd61c72a48eb680d,99.5,Fanatics,-450,1.2222,0.81818,100.0,80.0,,0.714286,0.543686,-27.449,-33.551,64.621,REJECTED,CONSERVATIVE_EDGE_BELOW_1_5;CONSERVATIVE_EV_BELOW_1_5,,,,,false,ALT_SHADOW_REJECTED,full_game,2026-08-14T17:52:13.851220-04:00
MLB,MLB,2889bff916cde60cbaab35f182f0068192b7dd44,2026-08-14T23:15:00+00:00,ARI @ ATL,TOTAL,TEAM_PROP,RUNS,ARI RUNS UNDER 5.5,UNDER,ARI,,,ee6ff4bc373f4f8b6bafa0718d9b60a0759df443,288a2f75d6df18e92af803f99a78ddc3be9407ef,5.5,DraftKings,-450,1.2222,0.81818,80.0,80.0,,0.714286,0.543686,-27.449,-33.551,64.621,REJECTED,CONSERVATIVE_EDGE_BELOW_1_5;CONSERVATIVE_EV_BELOW_1_5,,,,,false,ALT_SHADOW_REJECTED,full_game,2026-08-14T17:48:46.511965-04:00
MLB,MLB,36ff8623e428995786e706503854ba8fc1c26140,2026-08-15T00:10:00+00:00,SEA @ HOU,TOTAL,GAMELINE,TOTAL,SEA @ HOU TOTAL UNDER 11.0,UNDER,,,,56d54017dd21ab6226bd746df2b0e3c06ecfd26e,0924548b60800f02db9046153fef3a6607b40f5b,11.0,Fanatics,-350,1.2857,0.77778,80.0,77.778,,0.692309,0.514666,-26.311,-33.829,61.991,REJECTED,RECENT_HIT_RATE_BELOW_80;CONSERVATIVE_EDGE_BELOW_1_5;CONSERVATIVE_EV_BELOW_1_5,,,,,false,ALT_SHADOW_REJECTED,full_game,2026-08-14T17:48:46.511965-04:00
MLB,MLB,8a105b91f1d12e353b0236f2f946c271af63c996,2026-08-14T23:15:00+00:00,NYY @ TOR,TOTAL,TEAM_PROP,TOTAL,TOR TOTAL OVER 0.5,OVER,TOR,,,4d2a1c064fbf8ec3e8b59506e48e532f905a0b69,262d57bfe81f29a021b1c1075c6d94baceb22523,0.5,draftkings,-1600.0,1.0625,0.94118,,90.0,,0.785714,0.619416,-32.176,-34.187,73.165,REJECTED,CONSERVATIVE_EDGE_BELOW_1_5;CONSERVATIVE_EV_BELOW_1_5,,,,,false,ALT_SHADOW_REJECTED,full_game,2026-08-14T17:48:46.511965-04:00
MLB,MLB,6db6568d134f5df21219209469036a5e0afb6764,2026-08-14T23:10:00+00:00,BAL @ TB,TOTAL,TEAM_PROP,TOTAL,BAL TOTAL OVER 0.5,OVER,BAL,,,b9c51649dea61d86277ae9d8555c0e7a6a03c94d,14e51facb831c3befd6cfec13e1b0ebfa43d4d23,0.5,draftkings,-1600.0,1.0625,0.94118,,90.0,,0.785714,0.619416,-32.176,-34.187,73.165,REJECTED,CONSERVATIVE_EDGE_BELOW_1_5;CONSERVATIVE_EV_BELOW_1_5,,,,,false,ALT_SHADOW_REJECTED,full_game,2026-08-14T17:48:46.511965-04:00
MLB,MLB,e88e813157c3cc8b6fc6ba7b14140ce20f3397d8,2026-08-15T02:10:00+00:00,MIL @ LAD,TOTAL,GAMELINE,TOTAL,MIL @ LAD TOTAL UNDER 11.5,UNDER,,,,9b7f34f352096990dab7fafd92c4928db206a02b,dc72366a6fea8ec25bb25a95f217e068802b99de,11.5,Fanatics,-475,1.2105,0.82609,80.0,80.0,,0.714286,0.543686,-28.24,-34.187,64.621,REJECTED,CONSERVATIVE_EDGE_BELOW_1_5;CONSERVATIVE_EV_BELOW_1_5,,,,,false,ALT_SHADOW_REJECTED,full_game,2026-08-14T17:48:46.511965-04:00
WNBA,WNBA,2c0472374a8431b56a1ef85fed8792259c12cbb5,2026-08-15T02:00:00+00:00,PDX @ SEA,SPREAD,GAMELINE,SPREAD,PDX +12,AWAY,PDX,,,26b606d2a0c171236c149b78fc1e026c6914c49d,ee1b1cb7578e7ea0d8a2d57fa3c41e3edf59670f,12.0,Fanatics,-475,1.2105,0.82609,80.0,80.0,,0.714286,0.543686,-28.24,-34.187,64.621,REJECTED,CONSERVATIVE_EDGE_BELOW_1_5;CONSERVATIVE_EV_BELOW_1_5,,,,,false,ALT_SHADOW_REJECTED,full_game,2026-08-14T17:52:13.851220-04:00
WNBA,WNBA,2c0472374a8431b56a1ef85fed8792259c12cbb5,2026-08-15T02:00:00+00:00,PDX @ SEA,SPREAD,GAMELINE,SPREAD,PDX +12.5,AWAY,PDX,,,26b606d2a0c171236c149b78fc1e026c6914c49d,a76ca00b847a4a4ef857705b7358a7fdb76c63ef,12.5,DraftKings,-475,1.2105,0.82609,80.0,80.0,,0.714286,0.543686,-28.24,-34.187,64.621,REJECTED,CONSERVATIVE_EDGE_BELOW_1_5;CONSERVATIVE_EV_BELOW_1_5,,,,,false,ALT_SHADOW_REJECTED,full_game,2026-08-14T17:52:13.851220-04:00
MLB,MLB,ef20c401baa5b5cd51eab647418980093a9acd9a,2026-08-14T22:40:00+00:00,BOS @ PIT,TOTAL,GAMELINE,TOTAL,BOS @ PIT TOTAL OVER 4.0,OVER,,,,a6325d5b0e3c01b6a0499d1aca4203495cc1666b,96bb829baaf14bc045de3e73b9ced09eda2e85cf,4.0,Fanatics,-950,1.1053,0.90476,80.0,88.889,,0.769232,0.594731,-31.003,-34.264,69.017,REJECTED,CONSERVATIVE_EDGE_BELOW_1_5;CONSERVATIVE_EV_BELOW_1_5,,,,,false,ALT_SHADOW_REJECTED,full_game,2026-08-14T17:48:46.511965-04:00
MLB,MLB,8a105b91f1d12e353b0236f2f946c271af63c996,2026-08-14T23:15:00+00:00,NYY @ TOR,SPREAD,GAMELINE,SPREAD,TOR +5,HOME,TOR,,,c54a8aff5dc6e303037d96f84447d1c8a6b98e8a,7633e6066c03ffd5d11915c8faaed7367578cd00,5.0,DraftKings,-960,1.1042,0.90566,80.0,88.889,,0.769232,0.594731,-31.093,-34.33,69.017,REJECTED,CONSERVATIVE_EDGE_BELOW_1_5;CONSERVATIVE_EV_BELOW_1_5,,,,,false,ALT_SHADOW_REJECTED,full_game,2026-08-14T17:48:46.511965-04:00
MLB,MLB,6db6568d134f5df21219209469036a5e0afb6764,2026-08-14T23:10:00+00:00,BAL @ TB,TOTAL,GAMELINE,TOTAL,BAL @ TB TOTAL OVER 4.0,OVER,,,,24d8f1e8e6c1a089120500d15fc3c74b4d534a4f,91913c9c5b02ae377b49e9caaf3a217b0b043249,4.0,Fanatics,-1000,1.1,0.90909,100.0,88.889,,0.769232,0.594731,-31.436,-34.58,71.239,REJECTED,CONSERVATIVE_EDGE_BELOW_1_5;CONSERVATIVE_EV_BELOW_1_5,,,,,false,ALT_SHADOW_REJECTED,full_game,2026-08-14T17:48:46.511965-04:00
MLB,MLB,ef20c401baa5b5cd51eab647418980093a9acd9a,2026-08-14T22:40:00+00:00,BOS @ PIT,TOTAL,TEAM_PROP,TOTAL,PIT TOTAL OVER 0.5,OVER,PIT,,,4cbe9b80f2c85d232002c1c17e6f1922a412362c,f04c0d74cd5492e2023323e539390524bcd9ea98,0.5,draftkings,-1800.0,1.0556,0.94737,,90.0,,0.785714,0.619416,-32.795,-34.614,73.165,REJECTED,CONSERVATIVE_EDGE_BELOW_1_5;CONSERVATIVE_EV_BELOW_1_5,,,,,false,ALT_SHADOW_REJECTED,full_game,2026-08-14T17:48:46.511965-04:00
MLB,MLB,7fcdba132025d708ccb897487bbdf70ae514ed86,2026-08-14T23:10:00+00:00,SD @ CLE,TOTAL,TEAM_PROP,TOTAL,CLE TOTAL OVER 0.5,OVER,CLE,,,48575e5fb5f5fddba0ed2cb839cbd4bc5c3d2796,8f1aedc3e23c9b9e96544cfb4107fc52638310fb,0.5,draftkings,-1800.0,1.0556,0.94737,,90.0,,0.785714,0.619416,-32.795,-34.614,73.165,REJECTED,CONSERVATIVE_EDGE_BELOW_1_5;CONSERVATIVE_EV_BELOW_1_5,,,,,false,ALT_SHADOW_REJECTED,full_game,2026-08-14T17:48:46.511965-04:00
WNBA,WNBA,ce28e39e53f06c32668c3d703ee9067eed9ba577,2026-08-14T23:30:00+00:00,DAL @ IND,SPREAD,GAMELINE,SPREAD,IND +3,HOME,IND,,,69cbdd05c51aa1af4414d4627da4919ef384b30b,2621f21d98ffdca6e843e6bedd20f3e557e4dc92,3.0,Fanatics,-500,1.2,0.83333,80.0,80.0,,0.714286,0.543686,-28.964,-34.758,64.621,REJECTED,CONSERVATIVE_EDGE_BELOW_1_5;CONSERVATIVE_EV_BELOW_1_5,,,,,false,ALT_SHADOW_REJECTED,full_game,2026-08-14T17:52:13.851220-04:00
MLB,MLB,36ff8623e428995786e706503854ba8fc1c26140,2026-08-15T00:10:00+00:00,SEA @ HOU,TOTAL,GAMELINE,TOTAL,SEA @ HOU TOTAL UNDER 12.0,UNDER,,,,56d54017dd21ab6226bd746df2b0e3c06ecfd26e,74da8f3e57f1a58bc302ff450bba809bb2c2c70c,12.0,Fanatics,-500,1.2,0.83333,80.0,80.0,,0.714286,0.543686,-28.964,-34.758,64.621,REJECTED,CONSERVATIVE_EDGE_BELOW_1_5;CONSERVATIVE_EV_BELOW_1_5,,,,,false,ALT_SHADOW_REJECTED,full_game,2026-08-14T17:48:46.511965-04:00
MLB,MLB,0ca4cb92aa874e95044a13829b554bd5fb96a8d1,2026-08-14T22:40:00+00:00,CWS @ DET,TOTAL,TEAM_PROP,TOTAL,CWS TOTAL OVER 0.5,OVER,CWS,,,9d0172a4386e459c646dd657ba003cb0d75fe225,4673ffd719ebf086df08f7d6458b0718967102a8,0.5,draftkings,-2000.0,1.05,0.95238,,90.0,,0.785714,0.619416,-33.296,-34.961,73.165,REJECTED,CONSERVATIVE_EDGE_BELOW_1_5;CONSERVATIVE_EV_BELOW_1_5,,,,,false,ALT_SHADOW_REJECTED,full_game,2026-08-14T17:48:46.511965-04:00
MLB,MLB,ef20c401baa5b5cd51eab647418980093a9acd9a,2026-08-14T22:40:00+00:00,BOS @ PIT,TOTAL,GAMELINE,TOTAL,BOS @ PIT TOTAL OVER 5.0,OVER,,,,a6325d5b0e3c01b6a0499d1aca4203495cc1666b,2e7fdba01d95f4cbb18681ee14a3ab1cb0239c44,5.0,DraftKings,-524,1.1908,0.83974,80.0,80.0,,0.714286,0.543686,-29.605,-35.258,64.621,REJECTED,CONSERVATIVE_EDGE_BELOW_1_5;CONSERVATIVE_EV_BELOW_1_5,,,,,false,ALT_SHADOW_REJECTED,full_game,2026-08-14T17:48:46.511965-04:00
WNBA,WNBA,ce28e39e53f06c32668c3d703ee9067eed9ba577,2026-08-14T23:30:00+00:00,DAL @ IND,SPREAD,GAMELINE,SPREAD,IND +3.5,HOME,IND,,,69cbdd05c51aa1af4414d4627da4919ef384b30b,3d61df1973c42c14f8ff377d41b16d750efa88c1,3.5,Fanatics,-525,1.1905,0.84,80.0,80.0,,0.714286,0.543686,-29.631,-35.274,64.621,REJECTED,CONSERVATIVE_EDGE_BELOW_1_5;CONSERVATIVE_EV_BELOW_1_5,,,,,false,ALT_SHADOW_REJECTED,full_game,2026-08-14T17:52:13.851220-04:00
MLB,MLB,8a105b91f1d12e353b0236f2f946c271af63c996,2026-08-14T23:15:00+00:00,NYY @ TOR,TOTAL,GAMELINE,TOTAL,NYY @ TOR TOTAL UNDER 12.0,UNDER,,,,9a872c401b40e7fa74b2fe50edcd811e98d99b7a,b04b187d27defd229e0e0439d3612fe4e6c83159,12.0,Fanatics,-525,1.1905,0.84,80.0,80.0,,0.714286,0.543686,-29.631,-35.274,64.621,REJECTED,CONSERVATIVE_EDGE_BELOW_1_5;CONSERVATIVE_EV_BELOW_1_5,,,,,false,ALT_SHADOW_REJECTED,full_game,2026-08-14T17:48:46.511965-04:00
MLB,MLB,2c5d4a3cdd2afb7caff13b8a2fdb0368eb059acc,2026-08-14T22:10:00+00:00,MIA @ CIN,SPREAD,GAMELINE,SPREAD,MIA +3.5,AWAY,MIA,,,d176e37d3034e59c4c4ba3599325a11e5e70501b,4d8627897c41f9f6a5aeec0508e02b4a21a5783a,3.5,Novig,-525,1.1905,0.84,80.0,80.0,,0.714286,0.543686,-29.631,-35.274,64.621,REJECTED,CONSERVATIVE_EDGE_BELOW_1_5;CONSERVATIVE_EV_BELOW_1_5,,,,,false,ALT_SHADOW_REJECTED,full_game,2026-08-14T17:48:46.511965-04:00
MLB,MLB,2889bff916cde60cbaab35f182f0068192b7dd44,2026-08-14T23:15:00+00:00,ARI @ ATL,TOTAL,GAMELINE,TOTAL,ARI @ ATL TOTAL UNDER 12.0,UNDER,,,,fbb6b1aefd9326073c9866f74f184811844ccc12,0b57b87ac54504daa32a35603739ae496af57a98,12.0,Fanatics,-525,1.1905,0.84,80.0,80.0,,0.714286,0.543686,-29.631,-35.274,64.621,REJECTED,CONSERVATIVE_EDGE_BELOW_1_5;CONSERVATIVE_EV_BELOW_1_5,,,,,false,ALT_SHADOW_REJECTED,full_game,2026-08-14T17:48:46.511965-04:00
MLB,MLB,f0ccaafc838af31a96ed2832f49e52f61c23b38f,2026-08-14T23:10:00+00:00,WSH @ NYM,TOTAL,TEAM_PROP,TOTAL,WSH TOTAL OVER 0.5,OVER,WSH,,,695e7ee4d604b61c598183197e19a0c4e608f815,1fa9f1c9c5e6feddbdd84e69dc0d1d632f60c355,0.5,draftkings,-2500.0,1.04,0.96154,,90.0,,0.785714,0.619416,-34.212,-35.581,73.165,REJECTED,CONSERVATIVE_EDGE_BELOW_1_5;CONSERVATIVE_EV_BELOW_1_5,,,,,false,ALT_SHADOW_REJECTED,full_game,2026-08-14T17:48:46.511965-04:00
MLB,MLB,488b3d2d3f8e214c64f3d2f237418aa9f74fbe3b,2026-08-15T01:38:00+00:00,KC @ LAA,TOTAL,TEAM_PROP,TOTAL,LAA TOTAL OVER 0.5,OVER,LAA,,,ae8c7f1e018251cda58ceef38566c607eab3b773,47646196b1b90478b5297a5d49486e4d0e46cc49,0.5,draftkings,-2500.0,1.04,0.96154,,90.0,,0.785714,0.619416,-34.212,-35.581,73.165,REJECTED,CONSERVATIVE_EDGE_BELOW_1_5;CONSERVATIVE_EV_BELOW_1_5,,,,,false,ALT_SHADOW_REJECTED,full_game,2026-08-14T17:48:46.511965-04:00
MLB,MLB,2c5d4a3cdd2afb7caff13b8a2fdb0368eb059acc,2026-08-14T22:10:00+00:00,MIA @ CIN,TOTAL,TEAM_PROP,TOTAL,CIN TOTAL OVER 0.5,OVER,CIN,,,524e337e422be3dd333677a6422eac6abeb56efa,bc526f4bfcddd0e155c4cbe3f98640fd1c46b540,0.5,draftkings,-2500.0,1.04,0.96154,,90.0,,0.785714,0.619416,-34.212,-35.581,73.165,REJECTED,CONSERVATIVE_EDGE_BELOW_1_5;CONSERVATIVE_EV_BELOW_1_5,,,,,false,ALT_SHADOW_REJECTED,full_game,2026-08-14T17:48:46.511965-04:00
MLB,MLB,7fcdba132025d708ccb897487bbdf70ae514ed86,2026-08-14T23:10:00+00:00,SD @ CLE,SPREAD,GAMELINE,SPREAD,SD +3.5,AWAY,SD,,,9fb9da8a2b32174089d4bcca8974c5a40cc55412,14a99711ad878d8b0a98031290cf95b674bccd5a,3.5,Novig,-545,1.1835,0.84496,100.0,80.0,,0.714286,0.543686,-30.127,-35.655,64.621,REJECTED,CONSERVATIVE_EDGE_BELOW_1_5;CONSERVATIVE_EV_BELOW_1_5,,,,,false,ALT_SHADOW_REJECTED,full_game,2026-08-14T17:48:46.511965-04:00
MLB,MLB,36ff8623e428995786e706503854ba8fc1c26140,2026-08-15T00:10:00+00:00,SEA @ HOU,TOTAL,GAMELINE,TOTAL,SEA @ HOU TOTAL UNDER 12.5,UNDER,,,,56d54017dd21ab6226bd746df2b0e3c06ecfd26e,4cc1f9d2f1437481bea7a7fdb6d3da7cf6e419ae,12.5,Novig,-545,1.1835,0.84496,80.0,80.0,,0.714286,0.543686,-30.127,-35.655,64.621,REJECTED,CONSERVATIVE_EDGE_BELOW_1_5;CONSERVATIVE_EV_BELOW_1_5,,,,,false,ALT_SHADOW_REJECTED,full_game,2026-08-14T17:48:46.511965-04:00
MLB,MLB,8a105b91f1d12e353b0236f2f946c271af63c996,2026-08-14T23:15:00+00:00,NYY @ TOR,SPREAD,GAMELINE,SPREAD,TOR +4,HOME,TOR,,,c54a8aff5dc6e303037d96f84447d1c8a6b98e8a,d0d4284ef742ea471da58ea77d8d65f6ceaaa71d,4.0,DraftKings,-546,1.1832,0.8452,80.0,80.0,,0.714286,0.543686,-30.151,-35.671,64.621,REJECTED,CONSERVATIVE_EDGE_BELOW_1_5;CONSERVATIVE_EV_BELOW_1_5,,,,,false,ALT_SHADOW_REJECTED,full_game,2026-08-14T17:48:46.511965-04:00
MLB,MLB,e88e813157c3cc8b6fc6ba7b14140ce20f3397d8,2026-08-15T02:10:00+00:00,MIL @ LAD,SPREAD,GAMELINE,SPREAD,LAD +2.5,HOME,LAD,,,f94d099e63f4a716463b46fd30e8804f3e71372f,86d04924660c0ee0ec60dd99a9550727bb875a9f,2.5,Fanatics,-550,1.1818,0.84615,100.0,80.0,,0.714286,0.543686,-30.246,-35.747,64.621,REJECTED,CONSERVATIVE_EDGE_BELOW_1_5;CONSERVATIVE_EV_BELOW_1_5,,,,,false,ALT_SHADOW_REJECTED,full_game,2026-08-14T17:48:46.511965-04:00
WNBA,WNBA,ce28e39e53f06c32668c3d703ee9067eed9ba577,2026-08-14T23:30:00+00:00,DAL @ IND,TOTAL,TEAM_PROP,POINTS,IND POINTS OVER 87.5,OVER,IND,,,53067f52f14aff3042f8731b9736621ee46f23dc,9c971912aaa1271c3940f7992996db0d6954ce18,87.5,Fanatics,-550,1.1818,0.84615,80.0,80.0,,0.714286,0.543686,-30.246,-35.747,64.621,REJECTED,CONSERVATIVE_EDGE_BELOW_1_5;CONSERVATIVE_EV_BELOW_1_5,,,,,false,ALT_SHADOW_REJECTED,full_game,2026-08-14T17:52:13.851220-04:00
MLB,MLB,8a105b91f1d12e353b0236f2f946c271af63c996,2026-08-14T23:15:00+00:00,NYY @ TOR,SPREAD,GAMELINE,SPREAD,TOR +4.5,HOME,TOR,,,c54a8aff5dc6e303037d96f84447d1c8a6b98e8a,fa36441dae2dea6c87285bbfec4d5437df451cd5,4.5,Fanatics,-550,1.1818,0.84615,80.0,80.0,,0.714286,0.543686,-30.246,-35.747,64.621,REJECTED,CONSERVATIVE_EDGE_BELOW_1_5;CONSERVATIVE_EV_BELOW_1_5,,,,,false,ALT_SHADOW_REJECTED,full_game,2026-08-14T17:48:46.511965-04:00
MLB,MLB,2c5d4a3cdd2afb7caff13b8a2fdb0368eb059acc,2026-08-14T22:10:00+00:00,MIA @ CIN,TOTAL,TEAM_PROP,RUNS,CIN RUNS UNDER 6.5,UNDER,CIN,,,524e337e422be3dd333677a6422eac6abeb56efa,3dbc3afe51764449f7cd01bfec7ae1d406a30f03,6.5,DraftKings,-550,1.1818,0.84615,80.0,80.0,,0.714286,0.543686,-30.246,-35.747,64.621,REJECTED,CONSERVATIVE_EDGE_BELOW_1_5;CONSERVATIVE_EV_BELOW_1_5,,,,,false,ALT_SHADOW_REJECTED,full_game,2026-08-14T17:48:46.511965-04:00
WNBA,WNBA,2c0472374a8431b56a1ef85fed8792259c12cbb5,2026-08-15T02:00:00+00:00,PDX @ SEA,TOTAL,TEAM_PROP,POINTS,SEA POINTS UNDER 100.5,UNDER,SEA,,,86040774099aa93f53835857f8b0080de5a51309,71442e722fc8b748de70583d5fc5fc0d550e55c3,100.5,Fanatics,-550,1.1818,0.84615,100.0,80.0,,0.714286,0.543686,-30.246,-35.747,64.621,REJECTED,CONSERVATIVE_EDGE_BELOW_1_5;CONSERVATIVE_EV_BELOW_1_5,,,,,false,ALT_SHADOW_REJECTED,full_game,2026-08-14T17:52:13.851220-04:00
WNBA,WNBA,2c0472374a8431b56a1ef85fed8792259c12cbb5,2026-08-15T02:00:00+00:00,PDX @ SEA,SPREAD,GAMELINE,SPREAD,PDX +13.5,AWAY,PDX,,,26b606d2a0c171236c149b78fc1e026c6914c49d,c420bc947171747238d2f91629cde2ad9b3dc960,13.5,DraftKings,-560,1.1786,0.84848,80.0,80.0,,0.714286,0.543686,-30.479,-35.921,64.621,REJECTED,CONSERVATIVE_EDGE_BELOW_1_5;CONSERVATIVE_EV_BELOW_1_5,,,,,false,ALT_SHADOW_REJECTED,full_game,2026-08-14T17:52:13.851220-04:00
MLB,MLB,8a105b91f1d12e353b0236f2f946c271af63c996,2026-08-14T23:15:00+00:00,NYY @ TOR,TOTAL,TEAM_PROP,TOTAL,NYY TOTAL OVER 0.5,OVER,NYY,,,ef490adcb10f27154bea5a26c70119e579b118b4,0e09621428be514d62286fe065cb654f91ff9545,0.5,draftkings,-3000.0,1.0333,0.96774,,90.0,,0.785714,0.619416,-34.832,-35.996,73.165,REJECTED,CONSERVATIVE_EDGE_BELOW_1_5;CONSERVATIVE_EV_BELOW_1_5,,,,,false,ALT_SHADOW_REJECTED,full_game,2026-08-14T17:48:46.511965-04:00
MLB,MLB,2c5d4a3cdd2afb7caff13b8a2fdb0368eb059acc,2026-08-14T22:10:00+00:00,MIA @ CIN,TOTAL,GAMELINE,TOTAL,MIA @ CIN TOTAL OVER 4.5,OVER,,,,f4bfb4358fadbb3101614cf6eb9ed9f89199a294,4bb062da6a35f83c9fb355f593bd975c91cfc605,4.5,Novig,-567,1.1764,0.85007,80.0,80.0,,0.714286,0.543686,-30.638,-36.041,64.621,REJECTED,CONSERVATIVE_EDGE_BELOW_1_5;CONSERVATIVE_EV_BELOW_1_5,,,,,false,ALT_SHADOW_REJECTED,full_game,2026-08-14T17:48:46.511965-04:00
MLB,MLB,36ff8623e428995786e706503854ba8fc1c26140,2026-08-15T00:10:00+00:00,SEA @ HOU,TOTAL,GAMELINE,TOTAL,SEA @ HOU TOTAL OVER 4.5,OVER,,,,56d54017dd21ab6226bd746df2b0e3c06ecfd26e,83fe81476eadf52e9fe5d5020f7a496149f6a29a,4.5,Fanatics,-575,1.1739,0.85185,80.0,80.0,,0.714286,0.543686,-30.816,-36.177,64.621,REJECTED,CONSERVATIVE_EDGE_BELOW_1_5;CONSERVATIVE_EV_BELOW_1_5,,,,,false,ALT_SHADOW_REJECTED,full_game,2026-08-14T17:48:46.511965-04:00
MLB,MLB,2c5d4a3cdd2afb7caff13b8a2fdb0368eb059acc,2026-08-14T22:10:00+00:00,MIA @ CIN,TOTAL,TEAM_PROP,RUNS,MIA RUNS OVER 1.5,OVER,MIA,,,86a139d78c45d27a900e4c625896fe76b209f7d7,eff90a9cc015e7e0c3f98987efc764011abbb70a,1.5,DraftKings,-575,1.1739,0.85185,80.0,80.0,,0.714286,0.543686,-30.816,-36.177,64.621,REJECTED,CONSERVATIVE_EDGE_BELOW_1_5;CONSERVATIVE_EV_BELOW_1_5,,,,,false,ALT_SHADOW_REJECTED,full_game,2026-08-14T17:48:46.511965-04:00
WNBA,WNBA,2c0472374a8431b56a1ef85fed8792259c12cbb5,2026-08-15T02:00:00+00:00,PDX @ SEA,SPREAD,GAMELINE,SPREAD,PDX +13,AWAY,PDX,,,26b606d2a0c171236c149b78fc1e026c6914c49d,b36e6c153d75317fe636471cc5869e1344f33c36,13.0,Fanatics,-575,1.1739,0.85185,80.0,80.0,,0.714286,0.543686,-30.816,-36.177,64.621,REJECTED,CONSERVATIVE_EDGE_BELOW_1_5;CONSERVATIVE_EV_BELOW_1_5,,,,,false,ALT_SHADOW_REJECTED,full_game,2026-08-14T17:52:13.851220-04:00
MLB,MLB,aa778db9a68c2bad59ee411b142bb38274926a31,2026-08-15T01:40:00+00:00,TEX @ ATH,TOTAL,TEAM_PROP,TOTAL,ATH TOTAL OVER 0.5,OVER,ATH,,,c8e98b7b8a7d4148b61c22ed8ca59afbfa6bb6e1,8ca4a3540d3264c302f150fe75535f8883659d26,0.5,draftkings,-3500.0,1.0286,0.97222,,90.0,,0.785714,0.619416,-35.28,-36.287,73.165,REJECTED,CONSERVATIVE_EDGE_BELOW_1_5;CONSERVATIVE_EV_BELOW_1_5,,,,,false,ALT_SHADOW_REJECTED,full_game,2026-08-14T17:48:46.511965-04:00
MLB,MLB,aa778db9a68c2bad59ee411b142bb38274926a31,2026-08-15T01:40:00+00:00,TEX @ ATH,TOTAL,TEAM_PROP,TOTAL,TEX TOTAL OVER 0.5,OVER,TEX,,,e172b5cd1db0d53974f63075af25b48332d59807,bb26f742705e776a75fc551e076c2d4c5448a153,0.5,draftkings,-3500.0,1.0286,0.97222,,90.0,,0.785714,0.619416,-35.28,-36.287,73.165,REJECTED,CONSERVATIVE_EDGE_BELOW_1_5;CONSERVATIVE_EV_BELOW_1_5,,,,,false,ALT_SHADOW_REJECTED,full_game,2026-08-14T17:48:46.511965-04:00
MLB,MLB,ef20c401baa5b5cd51eab647418980093a9acd9a,2026-08-14T22:40:00+00:00,BOS @ PIT,TOTAL,GAMELINE,TOTAL,BOS @ PIT TOTAL OVER 4.5,OVER,,,,a6325d5b0e3c01b6a0499d1aca4203495cc1666b,01533e6180f6e783d2208f5d353aa65f16bc78ac,4.5,Fanatics,-600,1.1667,0.85714,80.0,80.0,,0.714286,0.543686,-31.345,-36.568,64.621,REJECTED,CONSERVATIVE_EDGE_BELOW_1_5;CONSERVATIVE_EV_BELOW_1_5,,,,,false,ALT_SHADOW_REJECTED,full_game,2026-08-14T17:48:46.511965-04:00
MLB,MLB,7fcdba132025d708ccb897487bbdf70ae514ed86,2026-08-14T23:10:00+00:00,SD @ CLE,SPREAD,GAMELINE,SPREAD,CLE +3.5,HOME,CLE,,,9fb9da8a2b32174089d4bcca8974c5a40cc55412,acec67e1f80d059ea5722f3877e10b82c5a34a29,3.5,Fanatics,-600,1.1667,0.85714,100.0,80.0,,0.714286,0.543686,-31.345,-36.568,64.621,REJECTED,CONSERVATIVE_EDGE_BELOW_1_5;CONSERVATIVE_EV_BELOW_1_5,,,,,false,ALT_SHADOW_REJECTED,full_game,2026-08-14T17:48:46.511965-04:00
MLB,MLB,488b3d2d3f8e214c64f3d2f237418aa9f74fbe3b,2026-08-15T01:38:00+00:00,KC @ LAA,SPREAD,GAMELINE,SPREAD,KC +3.5,AWAY,KC,,,d621f8e0e27a6d47671d60749dd5e0f71973d479,c02c30d000ae5d3dd7963db6d6e3206fb2b775f7,3.5,Fanatics,-600,1.1667,0.85714,80.0,80.0,,0.714286,0.543686,-31.345,-36.568,64.621,REJECTED,CONSERVATIVE_EDGE_BELOW_1_5;CONSERVATIVE_EV_BELOW_1_5,,,,,false,ALT_SHADOW_REJECTED,full_game,2026-08-14T17:48:46.511965-04:00
MLB,MLB,0a0695b5ceedd8e03ad7fc7168e13abaaa63c4c4,2026-08-15T02:15:00+00:00,COL @ SF,SPREAD,GAMELINE,SPREAD,SF +3.5,HOME,SF,,,dc2544e8ee81c215ff8c63d4a8b4a9db7a4d8155,b5f5f30dc66c21a3ffd1cc46975e62465f3aea01,3.5,Midnite,-600,1.1667,0.85714,80.0,80.0,,0.714286,0.543686,-31.345,-36.568,64.621,REJECTED,CONSERVATIVE_EDGE_BELOW_1_5;CONSERVATIVE_EV_BELOW_1_5,,,,,false,ALT_SHADOW_REJECTED,full_game,2026-08-14T17:48:46.511965-04:00
MLB,MLB,488b3d2d3f8e214c64f3d2f237418aa9f74fbe3b,2026-08-15T01:38:00+00:00,KC @ LAA,SPREAD,GAMELINE,SPREAD,KC +3,AWAY,KC,,,d621f8e0e27a6d47671d60749dd5e0f71973d479,685a600f88550d66fe3bcfa1ffd90a4b6c0e67ea,3.0,DraftKings,-610,1.1639,0.85915,80.0,80.0,,0.714286,0.543686,-31.546,-36.72,64.621,REJECTED,CONSERVATIVE_EDGE_BELOW_1_5;CONSERVATIVE_EV_BELOW_1_5,,,,,false,ALT_SHADOW_REJECTED,full_game,2026-08-14T17:48:46.511965-04:00
MLB,MLB,0a0695b5ceedd8e03ad7fc7168e13abaaa63c4c4,2026-08-15T02:15:00+00:00,COL @ SF,SPREAD,GAMELINE,SPREAD,COL +4,AWAY,COL,,,dc2544e8ee81c215ff8c63d4a8b4a9db7a4d8155,5a2975817a8dfabd1e112470a435599feae03d9d,4.0,DraftKings,-860,1.1163,0.89583,80.0,87.5,,0.75,0.566676,-32.915,-36.742,67.126,REJECTED,CONSERVATIVE_EDGE_BELOW_1_5;CONSERVATIVE_EV_BELOW_1_5,,,,,false,ALT_SHADOW_REJECTED,full_game,2026-08-14T17:48:46.511965-04:00
MLB,MLB,e88e813157c3cc8b6fc6ba7b14140ce20f3397d8,2026-08-15T02:10:00+00:00,MIL @ LAD,TOTAL,GAMELINE,TOTAL,MIL @ LAD TOTAL UNDER 11.0,UNDER,,,,9b7f34f352096990dab7fafd92c4928db206a02b,7606e4c1042d85731f77a58325c4598bdd8c5bf3,11.0,Fanatics,-450,1.2222,0.81818,80.0,77.778,,0.692309,0.514666,-30.351,-37.097,61.991,REJECTED,RECENT_HIT_RATE_BELOW_80;CONSERVATIVE_EDGE_BELOW_1_5;CONSERVATIVE_EV_BELOW_1_5,,,,,false,ALT_SHADOW_REJECTED,full_game,2026-08-14T17:48:46.511965-04:00
MLB,MLB,6db6568d134f5df21219209469036a5e0afb6764,2026-08-14T23:10:00+00:00,BAL @ TB,TOTAL,GAMELINE,TOTAL,BAL @ TB TOTAL OVER 4.5,OVER,,,,24d8f1e8e6c1a089120500d15fc3c74b4d534a4f,232573480b19be4667220d2795082cb1f6b695a8,4.5,Fanatics,-650,1.1538,0.86667,100.0,80.0,,0.714286,0.543686,-32.298,-37.269,64.621,REJECTED,CONSERVATIVE_EDGE_BELOW_1_5;CONSERVATIVE_EV_BELOW_1_5,,,,,false,ALT_SHADOW_REJECTED,full_game,2026-08-14T17:48:46.511965-04:00
MLB,MLB,488b3d2d3f8e214c64f3d2f237418aa9f74fbe3b,2026-08-15T01:38:00+00:00,KC @ LAA,SPREAD,GAMELINE,SPREAD,LAA +4.5,HOME,LAA,,,d621f8e0e27a6d47671d60749dd5e0f71973d479,aacb385eef5e9f740e3cfcd3bfac10fbe2aa4b3d,4.5,Fanatics,-650,1.1538,0.86667,80.0,80.0,,0.714286,0.543686,-32.298,-37.269,64.621,REJECTED,CONSERVATIVE_EDGE_BELOW_1_5;CONSERVATIVE_EV_BELOW_1_5,,,,,false,ALT_SHADOW_REJECTED,full_game,2026-08-14T17:48:46.511965-04:00
MLB,MLB,36ff8623e428995786e706503854ba8fc1c26140,2026-08-15T00:10:00+00:00,SEA @ HOU,TOTAL,TEAM_PROP,RUNS,HOU RUNS OVER 1.5,OVER,HOU,,,e4b853203fd31a4c52c5ca864e20edbc1e866a3f,51efc7f5ac33a0568b20306b8a9e7a5cfda403c6,1.5,DraftKings,-650,1.1538,0.86667,80.0,80.0,,0.714286,0.543686,-32.298,-37.269,64.621,REJECTED,CONSERVATIVE_EDGE_BELOW_1_5;CONSERVATIVE_EV_BELOW_1_5,,,,,false,ALT_SHADOW_REJECTED,full_game,2026-08-14T17:48:46.511965-04:00
MLB,MLB,2889bff916cde60cbaab35f182f0068192b7dd44,2026-08-14T23:15:00+00:00,ARI @ ATL,TOTAL,GAMELINE,TOTAL,ARI @ ATL TOTAL UNDER 12.5,UNDER,,,,fbb6b1aefd9326073c9866f74f184811844ccc12,ccd48a3ecab32bdd91671e9c00a7ac937b760e6b,12.5,DraftKings,-650,1.1538,0.86667,80.0,80.0,,0.714286,0.543686,-32.298,-37.269,64.621,REJECTED,CONSERVATIVE_EDGE_BELOW_1_5;CONSERVATIVE_EV_BELOW_1_5,,,,,false,ALT_SHADOW_REJECTED,full_game,2026-08-14T17:48:46.511965-04:00
MLB,MLB,0ca4cb92aa874e95044a13829b554bd5fb96a8d1,2026-08-14T22:40:00+00:00,CWS @ DET,SPREAD,GAMELINE,SPREAD,CWS +4.5,AWAY,CWS,,,1f8117721bac3b567064cdbcf1ca8e27213df38c,8f901d477e3f15304544fb0aeb1672a67c4351da,4.5,Fanatics,-650,1.1538,0.86667,100.0,80.0,,0.714286,0.543686,-32.298,-37.269,64.621,REJECTED,CONSERVATIVE_EDGE_BELOW_1_5;CONSERVATIVE_EV_BELOW_1_5,,,,,false,ALT_SHADOW_REJECTED,full_game,2026-08-14T17:48:46.511965-04:00
WNBA,WNBA,ce28e39e53f06c32668c3d703ee9067eed9ba577,2026-08-14T23:30:00+00:00,DAL @ IND,SPREAD,GAMELINE,SPREAD,IND +4.5,HOME,IND,,,69cbdd05c51aa1af4414d4627da4919ef384b30b,1adb4df0d3f1fb739b52f4351f4fd039394b41b9,4.5,DraftKings,-660,1.1515,0.86842,80.0,80.0,,0.714286,0.543686,-32.473,-37.395,64.621,REJECTED,CONSERVATIVE_EDGE_BELOW_1_5;CONSERVATIVE_EV_BELOW_1_5,,,,,false,ALT_SHADOW_REJECTED,full_game,2026-08-14T17:52:13.851220-04:00
MLB,MLB,8a105b91f1d12e353b0236f2f946c271af63c996,2026-08-14T23:15:00+00:00,NYY @ TOR,TOTAL,GAMELINE,TOTAL,NYY @ TOR TOTAL UNDER 12.5,UNDER,,,,9a872c401b40e7fa74b2fe50edcd811e98d99b7a,864f99790c8606e321c9e89768019eaae255c054,12.5,Novig,-669,1.1495,0.86996,80.0,80.0,,0.714286,0.543686,-32.627,-37.503,64.621,REJECTED,CONSERVATIVE_EDGE_BELOW_1_5;CONSERVATIVE_EV_BELOW_1_5,,,,,false,ALT_SHADOW_REJECTED,full_game,2026-08-14T17:48:46.511965-04:00
MLB,MLB,f0ccaafc838af31a96ed2832f49e52f61c23b38f,2026-08-14T23:10:00+00:00,WSH @ NYM,TOTAL,GAMELINE,TOTAL,WSH @ NYM TOTAL OVER 5.0,OVER,,,,e5b249e95c9b178083c1ddb167199f8a3d177444,48e39a028a17e91543fca30d5789391b163e29d7,5.0,Fanatics,-700,1.1429,0.875,80.0,80.0,,0.714286,0.543686,-33.131,-37.862,64.621,REJECTED,CONSERVATIVE_EDGE_BELOW_1_5;CONSERVATIVE_EV_BELOW_1_5,,,,,false,ALT_SHADOW_REJECTED,full_game,2026-08-14T17:48:46.511965-04:00
MLB,MLB,f0ccaafc838af31a96ed2832f49e52f61c23b38f,2026-08-14T23:10:00+00:00,WSH @ NYM,TOTAL,TEAM_PROP,RUNS,WSH RUNS UNDER 7.5,UNDER,WSH,,,695e7ee4d604b61c598183197e19a0c4e608f815,729a0f8c4ab7081ba4f920339e2687ceaaab197e,7.5,Midnite,-700,1.1429,0.875,80.0,80.0,,0.714286,0.543686,-33.131,-37.862,64.621,REJECTED,CONSERVATIVE_EDGE_BELOW_1_5;CONSERVATIVE_EV_BELOW_1_5,,,,,false,ALT_SHADOW_REJECTED,full_game,2026-08-14T17:48:46.511965-04:00
WNBA,WNBA,ce28e39e53f06c32668c3d703ee9067eed9ba577,2026-08-14T23:30:00+00:00,DAL @ IND,TOTAL,TEAM_PROP,POINTS,DAL POINTS OVER 79.5,OVER,DAL,,,32ce35412c6b1d7b9bf6f3d843ffffe07278a6e9,8e17423fd0b9c41f9291e44d349c1b2e9b4e60ef,79.5,Midnite,-700,1.1429,0.875,80.0,80.0,,0.714286,0.543686,-33.131,-37.862,64.621,REJECTED,CONSERVATIVE_EDGE_BELOW_1_5;CONSERVATIVE_EV_BELOW_1_5,,,,,false,ALT_SHADOW_REJECTED,full_game,2026-08-14T17:52:13.851220-04:00
WNBA,WNBA,2c0472374a8431b56a1ef85fed8792259c12cbb5,2026-08-15T02:00:00+00:00,PDX @ SEA,TOTAL,TEAM_PROP,POINTS,SEA POINTS UNDER 101.5,UNDER,SEA,,,86040774099aa93f53835857f8b0080de5a51309,efddfd6560f087188082875ee07945482a53a52c,101.5,Fanatics,-700,1.1429,0.875,100.0,80.0,,0.714286,0.543686,-33.131,-37.862,64.621,REJECTED,CONSERVATIVE_EDGE_BELOW_1_5;CONSERVATIVE_EV_BELOW_1_5,,,,,false,ALT_SHADOW_REJECTED,full_game,2026-08-14T17:52:13.851220-04:00
MLB,MLB,2c5d4a3cdd2afb7caff13b8a2fdb0368eb059acc,2026-08-14T22:10:00+00:00,MIA @ CIN,TOTAL,GAMELINE,TOTAL,MIA @ CIN TOTAL OVER 5.0,OVER,,,,f4bfb4358fadbb3101614cf6eb9ed9f89199a294,ff4d7d68d5bc2a8e6e3dbb8de44a1abad956daf8,5.0,Fanatics,-500,1.2,0.83333,80.0,77.778,,0.692309,0.514666,-31.866,-38.24,61.991,REJECTED,RECENT_HIT_RATE_BELOW_80;CONSERVATIVE_EDGE_BELOW_1_5;CONSERVATIVE_EV_BELOW_1_5,,,,,false,ALT_SHADOW_REJECTED,full_game,2026-08-14T17:48:46.511965-04:00
WNBA,WNBA,ce28e39e53f06c32668c3d703ee9067eed9ba577,2026-08-14T23:30:00+00:00,DAL @ IND,SPREAD,GAMELINE,SPREAD,IND +5.5,HOME,IND,,,69cbdd05c51aa1af4414d4627da4919ef384b30b,08335427709351460a6ec7c78633115e19190517,5.5,DraftKings,-750,1.1333,0.88235,80.0,80.0,,0.714286,0.543686,-33.866,-38.384,64.621,REJECTED,CONSERVATIVE_EDGE_BELOW_1_5;CONSERVATIVE_EV_BELOW_1_5,,,,,false,ALT_SHADOW_REJECTED,full_game,2026-08-14T17:52:13.851220-04:00
MLB,MLB,488b3d2d3f8e214c64f3d2f237418aa9f74fbe3b,2026-08-15T01:38:00+00:00,KC @ LAA,SPREAD,GAMELINE,SPREAD,LAA +4,HOME,LAA,,,d621f8e0e27a6d47671d60749dd5e0f71973d479,84e9c10294fc8fbaaa74497c82be4334456aa84c,4.0,DraftKings,-790,1.1266,0.88764,80.0,80.0,,0.714286,0.543686,-34.395,-38.748,64.621,REJECTED,CONSERVATIVE_EDGE_BELOW_1_5;CONSERVATIVE_EV_BELOW_1_5,,,,,false,ALT_SHADOW_REJECTED,full_game,2026-08-14T17:48:46.511965-04:00
MLB,MLB,f0ccaafc838af31a96ed2832f49e52f61c23b38f,2026-08-14T23:10:00+00:00,WSH @ NYM,SPREAD,GAMELINE,SPREAD,WSH +4.5,AWAY,WSH,,,96397963a05a155080095eb9b111633f55da341a,3bb7caaa553b896d99f5071c3d0fce39f905a95a,4.5,Fanatics,-800,1.125,0.88889,80.0,80.0,,0.714286,0.543686,-34.52,-38.835,64.621,REJECTED,CONSERVATIVE_EDGE_BELOW_1_5;CONSERVATIVE_EV_BELOW_1_5,,,,,false,ALT_SHADOW_REJECTED,full_game,2026-08-14T17:48:46.511965-04:00
WNBA,WNBA,ce28e39e53f06c32668c3d703ee9067eed9ba577,2026-08-14T23:30:00+00:00,DAL @ IND,TOTAL,TEAM_PROP,POINTS,DAL POINTS OVER 78.5,OVER,DAL,,,32ce35412c6b1d7b9bf6f3d843ffffe07278a6e9,a40ab75e46880843bacca0f6fa90402a0aa3abad,78.5,Midnite,-800,1.125,0.88889,80.0,80.0,,0.714286,0.543686,-34.52,-38.835,64.621,REJECTED,CONSERVATIVE_EDGE_BELOW_1_5;CONSERVATIVE_EV_BELOW_1_5,,,,,false,ALT_SHADOW_REJECTED,full_game,2026-08-14T17:52:13.851220-04:00
MLB,MLB,2889bff916cde60cbaab35f182f0068192b7dd44,2026-08-14T23:15:00+00:00,ARI @ ATL,TOTAL,TEAM_PROP,RUNS,ARI RUNS UNDER 6.5,UNDER,ARI,,,ee6ff4bc373f4f8b6bafa0718d9b60a0759df443,6c48ad154a3942900efc489936428897abe3aac4,6.5,DraftKings,-800,1.125,0.88889,80.0,80.0,,0.714286,0.543686,-34.52,-38.835,64.621,REJECTED,CONSERVATIVE_EDGE_BELOW_1_5;CONSERVATIVE_EV_BELOW_1_5,,,,,false,ALT_SHADOW_REJECTED,full_game,2026-08-14T17:48:46.511965-04:00
MLB,MLB,e88e813157c3cc8b6fc6ba7b14140ce20f3397d8,2026-08-15T02:10:00+00:00,MIL @ LAD,TOTAL,GAMELINE,TOTAL,MIL @ LAD TOTAL UNDER 12.5,UNDER,,,,9b7f34f352096990dab7fafd92c4928db206a02b,893401c715c4b1cd4a0e74f1e0fb5ebfbd0219aa,12.5,Novig,-809,1.1236,0.88999,80.0,80.0,,0.714286,0.543686,-34.63,-38.911,64.621,REJECTED,CONSERVATIVE_EDGE_BELOW_1_5;CONSERVATIVE_EV_BELOW_1_5,,,,,false,ALT_SHADOW_REJECTED,full_game,2026-08-14T17:48:46.511965-04:00
MLB,MLB,e88e813157c3cc8b6fc6ba7b14140ce20f3397d8,2026-08-15T02:10:00+00:00,MIL @ LAD,TOTAL,GAMELINE,TOTAL,MIL @ LAD TOTAL UNDER 12.0,UNDER,,,,9b7f34f352096990dab7fafd92c4928db206a02b,fc3451ff7561214e8e8ae7a7755e9beee7d9bac7,12.0,DraftKings,-840,1.119,0.89362,80.0,80.0,,0.714286,0.543686,-34.993,-39.162,64.621,REJECTED,CONSERVATIVE_EDGE_BELOW_1_5;CONSERVATIVE_EV_BELOW_1_5,,,,,false,ALT_SHADOW_REJECTED,full_game,2026-08-14T17:48:46.511965-04:00
MLB,MLB,e88e813157c3cc8b6fc6ba7b14140ce20f3397d8,2026-08-15T02:10:00+00:00,MIL @ LAD,SPREAD,GAMELINE,SPREAD,LAD +2,HOME,LAD,,,f94d099e63f4a716463b46fd30e8804f3e71372f,8c4b087d659b5d2ea2feaa4c36f26302ff0124d9,2.0,DraftKings,-555,1.1802,0.84733,80.0,77.778,,0.692309,0.514666,-33.266,-39.259,61.991,REJECTED,RECENT_HIT_RATE_BELOW_80;CONSERVATIVE_EDGE_BELOW_1_5;CONSERVATIVE_EV_BELOW_1_5,,,,,false,ALT_SHADOW_REJECTED,full_game,2026-08-14T17:48:46.511965-04:00
MLB,MLB,7fcdba132025d708ccb897487bbdf70ae514ed86,2026-08-14T23:10:00+00:00,SD @ CLE,SPREAD,GAMELINE,SPREAD,SD +3,AWAY,SD,,,9fb9da8a2b32174089d4bcca8974c5a40cc55412,9bc5fe2f6d5cc83d96820d97865febe2bc445039,3.0,DraftKings,-572,1.1748,0.85119,100.0,77.778,,0.692309,0.514666,-33.652,-39.537,61.991,REJECTED,RECENT_HIT_RATE_BELOW_80;CONSERVATIVE_EDGE_BELOW_1_5;CONSERVATIVE_EV_BELOW_1_5,,,,,false,ALT_SHADOW_REJECTED,full_game,2026-08-14T17:48:46.511965-04:00
MLB,MLB,e88e813157c3cc8b6fc6ba7b14140ce20f3397d8,2026-08-15T02:10:00+00:00,MIL @ LAD,SPREAD,GAMELINE,SPREAD,LAD +3.5,HOME,LAD,,,f94d099e63f4a716463b46fd30e8804f3e71372f,ac13003910bd2ff81ae27582bfa02c175dccb96a,3.5,Fanatics,-900,1.1111,0.9,100.0,80.0,,0.714286,0.543686,-35.631,-39.591,64.621,REJECTED,CONSERVATIVE_EDGE_BELOW_1_5;CONSERVATIVE_EV_BELOW_1_5,,,,,false,ALT_SHADOW_REJECTED,full_game,2026-08-14T17:48:46.511965-04:00
MLB,MLB,aa778db9a68c2bad59ee411b142bb38274926a31,2026-08-15T01:40:00+00:00,TEX @ ATH,TOTAL,TEAM_PROP,RUNS,ATH RUNS OVER 1.5,OVER,ATH,,,c8e98b7b8a7d4148b61c22ed8ca59afbfa6bb6e1,d56eede36bad0cb88053230f7c80d02814c8f4fd,1.5,DraftKings,-900,1.1111,0.9,100.0,80.0,,0.714286,0.543686,-35.631,-39.591,64.621,REJECTED,CONSERVATIVE_EDGE_BELOW_1_5;CONSERVATIVE_EV_BELOW_1_5,,,,,false,ALT_SHADOW_REJECTED,full_game,2026-08-14T17:48:46.511965-04:00
MLB,MLB,aa778db9a68c2bad59ee411b142bb38274926a31,2026-08-15T01:40:00+00:00,TEX @ ATH,TOTAL,TEAM_PROP,RUNS,TEX RUNS OVER 1.5,OVER,TEX,,,e172b5cd1db0d53974f63075af25b48332d59807,15cd4e3dc5662e142d5d27c64868011c50442f85,1.5,DraftKings,-900,1.1111,0.9,80.0,80.0,,0.714286,0.543686,-35.631,-39.591,64.621,REJECTED,CONSERVATIVE_EDGE_BELOW_1_5;CONSERVATIVE_EV_BELOW_1_5,,,,,false,ALT_SHADOW_REJECTED,full_game,2026-08-14T17:48:46.511965-04:00
MLB,MLB,2c5d4a3cdd2afb7caff13b8a2fdb0368eb059acc,2026-08-14T22:10:00+00:00,MIA @ CIN,TOTAL,GAMELINE,TOTAL,MIA @ CIN TOTAL OVER 4.0,OVER,,,,f4bfb4358fadbb3101614cf6eb9ed9f89199a294,f7eed87908761b9f84a40a80b820a83fce663ce8,4.0,Fanatics,-900,1.1111,0.9,80.0,80.0,,0.714286,0.543686,-35.631,-39.591,64.621,REJECTED,CONSERVATIVE_EDGE_BELOW_1_5;CONSERVATIVE_EV_BELOW_1_5,,,,,false,ALT_SHADOW_REJECTED,full_game,2026-08-14T17:48:46.511965-04:00
WNBA,WNBA,ce28e39e53f06c32668c3d703ee9067eed9ba577,2026-08-14T23:30:00+00:00,DAL @ IND,SPREAD,GAMELINE,SPREAD,IND +6.5,HOME,IND,,,69cbdd05c51aa1af4414d4627da4919ef384b30b,a5fe8c9f69bc19897adbd685e2b48a87a350eaec,6.5,DraftKings,-920,1.1087,0.90196,80.0,80.0,,0.714286,0.543686,-35.827,-39.722,64.621,REJECTED,CONSERVATIVE_EDGE_BELOW_1_5;CONSERVATIVE_EV_BELOW_1_5,,,,,false,ALT_SHADOW_REJECTED,full_game,2026-08-14T17:52:13.851220-04:00
MLB,MLB,36ff8623e428995786e706503854ba8fc1c26140,2026-08-15T00:10:00+00:00,SEA @ HOU,TOTAL,GAMELINE,TOTAL,SEA @ HOU TOTAL OVER 4.0,OVER,,,,56d54017dd21ab6226bd746df2b0e3c06ecfd26e,6d9e15c3f0be517613172d927259c86f5c31d030,4.0,Fanatics,-950,1.1053,0.90476,80.0,80.0,,0.714286,0.543686,-36.107,-39.906,64.621,REJECTED,CONSERVATIVE_EDGE_BELOW_1_5;CONSERVATIVE_EV_BELOW_1_5,,,,,false,ALT_SHADOW_REJECTED,full_game,2026-08-14T17:48:46.511965-04:00
MLB,MLB,488b3d2d3f8e214c64f3d2f237418aa9f74fbe3b,2026-08-15T01:38:00+00:00,KC @ LAA,SPREAD,GAMELINE,SPREAD,LAA +5.5,HOME,LAA,,,d621f8e0e27a6d47671d60749dd5e0f71973d479,38978d4b18359682409e3513690090534b147db3,5.5,Fanatics,-1000,1.1,0.90909,80.0,80.0,,0.714286,0.543686,-36.54,-40.195,64.621,REJECTED,CONSERVATIVE_EDGE_BELOW_1_5;CONSERVATIVE_EV_BELOW_1_5,,,,,false,ALT_SHADOW_REJECTED,full_game,2026-08-14T17:48:46.511965-04:00
MLB,MLB,2c5d4a3cdd2afb7caff13b8a2fdb0368eb059acc,2026-08-14T22:10:00+00:00,MIA @ CIN,TOTAL,TEAM_PROP,RUNS,CIN RUNS UNDER 7.5,UNDER,CIN,,,524e337e422be3dd333677a6422eac6abeb56efa,39edbe5c388b8142deee426cdf58bcfa09ea8039,7.5,DraftKings,-1000,1.1,0.90909,80.0,80.0,,0.714286,0.543686,-36.54,-40.195,64.621,REJECTED,CONSERVATIVE_EDGE_BELOW_1_5;CONSERVATIVE_EV_BELOW_1_5,,,,,false,ALT_SHADOW_REJECTED,full_game,2026-08-14T17:48:46.511965-04:00
MLB,MLB,0ca4cb92aa874e95044a13829b554bd5fb96a8d1,2026-08-14T22:40:00+00:00,CWS @ DET,SPREAD,GAMELINE,SPREAD,CWS +5.5,AWAY,CWS,,,1f8117721bac3b567064cdbcf1ca8e27213df38c,ebdc52690310ccb8e45ee4c39fc82b680d2fd04e,5.5,Fanatics,-1000,1.1,0.90909,100.0,80.0,,0.714286,0.543686,-36.54,-40.195,64.621,REJECTED,CONSERVATIVE_EDGE_BELOW_1_5;CONSERVATIVE_EV_BELOW_1_5,,,,,false,ALT_SHADOW_REJECTED,full_game,2026-08-14T17:48:46.511965-04:00
MLB,MLB,0a0695b5ceedd8e03ad7fc7168e13abaaa63c4c4,2026-08-15T02:15:00+00:00,COL @ SF,SPREAD,GAMELINE,SPREAD,SF +4.5,HOME,SF,,,dc2544e8ee81c215ff8c63d4a8b4a9db7a4d8155,56031b5a9fd94302a2a361878ce25ff563fb5bdf,4.5,Midnite,-1000,1.1,0.90909,80.0,80.0,,0.714286,0.543686,-36.54,-40.195,64.621,REJECTED,CONSERVATIVE_EDGE_BELOW_1_5;CONSERVATIVE_EV_BELOW_1_5,,,,,false,ALT_SHADOW_REJECTED,full_game,2026-08-14T17:48:46.511965-04:00
MLB,MLB,2c5d4a3cdd2afb7caff13b8a2fdb0368eb059acc,2026-08-14T22:10:00+00:00,MIA @ CIN,SPREAD,GAMELINE,SPREAD,MIA +3,AWAY,MIA,,,d176e37d3034e59c4c4ba3599325a11e5e70501b,2c9d49107eec93edbe0136f38b72d189f4e700f2,3.0,DraftKings,-620,1.1613,0.86111,80.0,77.778,,0.692309,0.514666,-34.644,-40.232,61.991,REJECTED,RECENT_HIT_RATE_BELOW_80;CONSERVATIVE_EDGE_BELOW_1_5;CONSERVATIVE_EV_BELOW_1_5,,,,,false,ALT_SHADOW_REJECTED,full_game,2026-08-14T17:48:46.511965-04:00
MLB,MLB,0ca4cb92aa874e95044a13829b554bd5fb96a8d1,2026-08-14T22:40:00+00:00,CWS @ DET,SPREAD,GAMELINE,SPREAD,CWS +4,AWAY,CWS,,,1f8117721bac3b567064cdbcf1ca8e27213df38c,b15e1d598eef7ff560384640878728dccf8eb0fb,4.0,DraftKings,-670,1.1493,0.87013,100.0,77.778,,0.692309,0.514666,-35.546,-40.849,61.991,REJECTED,RECENT_HIT_RATE_BELOW_80;CONSERVATIVE_EDGE_BELOW_1_5;CONSERVATIVE_EV_BELOW_1_5,,,,,false,ALT_SHADOW_REJECTED,full_game,2026-08-14T17:48:46.511965-04:00
MLB,MLB,f0ccaafc838af31a96ed2832f49e52f61c23b38f,2026-08-14T23:10:00+00:00,WSH @ NYM,SPREAD,GAMELINE,SPREAD,WSH +4,AWAY,WSH,,,96397963a05a155080095eb9b111633f55da341a,40a1b93ed241ec32300a2bd52e25a7cdf718bb00,4.0,DraftKings,-790,1.1266,0.88764,80.0,77.778,,0.692309,0.514666,-37.297,-42.018,61.991,REJECTED,RECENT_HIT_RATE_BELOW_80;CONSERVATIVE_EDGE_BELOW_1_5;CONSERVATIVE_EV_BELOW_1_5,,,,,false,ALT_SHADOW_REJECTED,full_game,2026-08-14T17:48:46.511965-04:00

